Workbook

Sheet Leyenda
A1: Base de Datos de Seguimiento al Egresado y Graduado – EPMH-UAC
A2: Procedimiento PSC-S-06 Versión 03 (Res. N.° 072-CU-2025-UAC) · Matriz consolidada al 01/10/2026
A4: Cómo usar
A5: 1. Hoja Config: semestre, fecha de corte, responsable, metas y vigencia de la actualización. Las metas de 10.1 vienen del Anexo 01; las de 10.2, 10.4 y 10.5 son propuestas a aprobar.
A6: 2. Hoja Egresados: una fila por egresado de la relación oficial de Servicios Académicos (2017-2 a 2025-2). Llene solo las celdas amarillas; las celestes se calculan solas.
A7: 3. 'Datos actualizados' se calcula: Sí cuando la última actualización tiene menos días que la vigencia definida en Config (365 días por defecto).
A8: 4. Hoja Empleadores: una fila por institución. El ID (EMP-###) se usa en la columna 'ID empleador' de Egresados.
A9: 5. Hoja Actividades: una fila por actividad, con su evidencia (numeral 7.18). Marque 'Programada en el Plan' según el Plan de Trabajo aprobado.
A10: 6. Hoja Indicadores: se calcula sola. De aquí se copian las cifras a los informes mensual y final.
A11: 7. Hoja Por conciliar: egresados que respondieron encuestas pero no figuran en la relación oficial (egresaron antes de 2017-2 o en 2026). Verifique su código y agréguelos a Egresados.
A12: 8. El dashboard del Director lee este archivo: no cambie nombres de hojas ni encabezados de columna.
A14: Convención de colores
... A27: Satisfacción con el perfil (1–5) = pregunta 'Satisfacción con la calidad de formación' de la Encuesta primera de egreso: Totalmente de acuerdo 5, De acuerdo 4, Neutral 3, Desacuerdo 2.

Sheet Config
B1: Configuración
B2: Escuela Profesional | C2: Medicina Humana
B3: Semestre en curso | C3: 2026-II
B4: Fecha de corte | C4: 46296
B5: Docente responsable | C5: [Nombre]
B6: Resolución del Plan de Trabajo | C6: [N.° ___-CF-2026]
B8: Meta 10.1 – Tramo 1 | C8: 0.9 | D8: Fuente: Anexo 01 del PSC-S-06
B9: Meta 10.1 – Tramo 2 | C9: 0.8
B10: Meta 10.1 – Tramo 3 | C10: 0.7
B11: Meta 10.1 – Tramo 4 | C11: 0.6
B12: Meta 10.2 – En su especialidad | C12: 0.7 | D12: Propuesta – aprobar por la Dirección
B13: Meta 10.4 – Satisfacción perfil de egreso | C13: 0.8 | D13: Propuesta – aprobar por la Dirección
B14: Meta 10.5 – Empleabilidad | C14: 0.85 | D14: Propuesta – aprobar por la Dirección
B15: Vigencia de la actualización (días) | C15: 365 | D15: Supuesto: datos confirmados en los últimos 12 meses; ajústelo si la Dirección define otro plazo

Sheet Indicadores
A1: Indicadores del PSC-S-06 – EPMH
A2: ="Fecha de corte: "&TEXT(Config!C4,"dd/mm/yyyy")&" · Semestre "&Config!C3&" · Vigencia de actualización: "&Config!C15&" días" -> Fecha de corte: 01/10/2026 · Semestre 2026-II · Vigencia de actualización: 365 días
A4: 10.1 Porcentaje de egresados registrados por tramo
A5: Tramo | B5: Universo (egresados en BD) | C5: Registrados (datos actualizados) | D5: % logrado | E5: Meta | F5: Brecha (pp) | G5: Semáforo
A6: Tramo 1 | B6: =COUNTIF(Egresados!$I$2:$I$1501,A6) -> 147 | C6: =COUNTIFS(Egresados!$I$2:$I$1501,A6,Egresados!$U$2:$U$1501,"Sí") -> 0 | D6: =IF(B6=0,0,C6/B6) -> 0 | E6: =Config!C8 -> 0.9 | F6: =(D6-E6)*100 -> -90 | G6: =IF(B6=0,"Sin datos",IF(D6>=E6,"Cumple",IF(D6>=E6-0.1,"En proceso","Crítico"))) -> Crítico
A7: Tramo 2 | B7: =COUNTIF(Egresados!$I$2:$I$1501,A7) -> 459 | C7: =COUNTIFS(Egresados!$I$2:$I$1501,A7,Egresados!$U$2:$U$1501,"Sí") -> 80 | D7: =IF(B7=0,0,C7/B7) -> 0.17429194 | E7: =Config!C9 -> 0.8 | F7: =(D7-E7)*100 -> -62.570806 | G7: =IF(B7=0,"Sin datos",IF(D7>=E7,"Cumple",IF(D7>=E7-0.1,"En proceso","Crítico"))) -> Crítico
A8: Tramo 3 | B8: =COUNTIF(Egresados!$I$2:$I$1501,A8) -> 206 | C8: =COUNTIFS(Egresados!$I$2:$I$1501,A8,Egresados!$U$2:$U$1501,"Sí") -> 15 | D8: =IF(B8=0,0,C8/B8) -> 0.072815534 | E8: =Config!C10 -> 0.7 | F8: =(D8-E8)*100 -> -62.718447 | G8: =IF(B8=0,"Sin datos",IF(D8>=E8,"Cumple",IF(D8>=E8-0.1,"En proceso","Crítico"))) -> Crítico
A9: Tramo 4 | B9: =COUNTIF(Egresados!$I$2:$I$1501,A9) -> 164 | C9: =COUNTIFS(Egresados!$I$2:$I$1501,A9,Egresados!$U$2:$U$1501,"Sí") -> 19 | D9: =IF(B9=0,0,C9/B9) -> 0.11585366 | E9: =Config!C11 -> 0.6 | F9: =(D9-E9)*100 -> -48.414634 | G9: =IF(B9=0,"Sin datos",IF(D9>=E9,"Cumple",IF(D9>=E9-0.1,"En proceso","Crítico"))) -> Crítico
A10: Total | B10: =SUM(B6:B9) -> 976 | C10: =SUM(C6:C9) -> 114 | D10: =IF(B10=0,0,C10/B10) -> 0.11680328
A12: 10.2 / 10.5 Situación laboral y especialidad (sobre egresados con situación laboral conocida)
A13: Tramo | B13: Con situación conocida | C13: Con empleo | D13: En su especialidad | E13: 10.5 Empleabilidad | F13: 10.2 En su especialidad | G13: Sin información
A14: Tramo 1 | B14: =C14+COUNTIFS(Egresados!$I$2:$I$1501,A14,Egresados!$P$2:$P$1501,"No") -> 0 | C14: =COUNTIFS(Egresados!$I$2:$I$1501,A14,Egresados!$P$2:$P$1501,"Sí") -> 0 | D14: =COUNTIFS(Egresados!$I$2:$I$1501,A14,Egresados!$Q$2:$Q$1501,"Sí") -> 0 | E14: =IF(B14=0,0,C14/B14) -> 0 | F14: =IF(B14=0,0,D14/B14) -> 0 | G14: =COUNTIFS(Egresados!$I$2:$I$1501,A14,Egresados!$O$2:$O$1501,"Sin información") -> 147
A15: Tramo 2 | B15: =C15+COUNTIFS(Egresados!$I$2:$I$1501,A15,Egresados!$P$2:$P$1501,"No") -> 69 | C15: =COUNTIFS(Egresados!$I$2:$I$1501,A15,Egresados!$P$2:$P$1501,"Sí") -> 19 | D15: =COUNTIFS(Egresados!$I$2:$I$1501,A15,Egresados!$Q$2:$Q$1501,"Sí") -> 18 | E15: =IF(B15=0,0,C15/B15) -> 0.27536232 | F15: =IF(B15=0,0,D15/B15) -> 0.26086957 | G15: =COUNTIFS(Egresados!$I$2:$I$1501,A15,Egresados!$O$2:$O$1501,"Sin información") -> 390
A16: Tramo 3 | B16: =C16+COUNTIFS(Egresados!$I$2:$I$1501,A16,Egresados!$P$2:$P$1501,"No") -> 38 | C16: =COUNTIFS(Egresados!$I$2:$I$1501,A16,Egresados!$P$2:$P$1501,"Sí") -> 28 | D16: =COUNTIFS(Egresados!$I$2:$I$1501,A16,Egresados!$Q$2:$Q$1501,"Sí") -> 28 | E16: =IF(B16=0,0,C16/B16) -> 0.73684211 | F16: =IF(B16=0,0,D16/B16) -> 0.73684211 | G16: =COUNTIFS(Egresados!$I$2:$I$1501,A16,Egresados!$O$2:$O$1501,"Sin información") -> 168
A17: Tramo 4 | B17: =C17+COUNTIFS(Egresados!$I$2:$I$1501,A17,Egresados!$P$2:$P$1501,"No") -> 17 | C17: =COUNTIFS(Egresados!$I$2:$I$1501,A17,Egresados!$P$2:$P$1501,"Sí") -> 17 | D17: =COUNTIFS(Egresados!$I$2:$I$1501,A17,Egresados!$Q$2:$Q$1501,"Sí") -> 17 | E17: =IF(B17=0,0,C17/B17) -> 1 | F17: =IF(B17=0,0,D17/B17) -> 1 | G17: =COUNTIFS(Egresados!$I$2:$I$1501,A17,Egresados!$O$2:$O$1501,"Sin información") -> 147
A18: Total | B18: =SUM(B14:B17) -> 124 | C18: =SUM(C14:C17) -> 64 | D18: =SUM(D14:D17) -> 63 | E18: =IF(B18=0,0,C18/B18) -> 0.51612903 | F18: =IF(B18=0,0,D18/B18) -> 0.50806452 | G18: =SUM(G14:G17) -> 852
A21: Resumen de indicadores
A22: Código | B22: Indicador | C22: Resultado | D22: Meta | E22: Brecha (pp) | F22: Semáforo | G22: Base (n)
A23: 10.1 | B23: Egresados registrados (total) | C23: =D10 -> 0.11680328 | G23: =B10 -> 976
A24: 10.2 | B24: Laborando en su especialidad | C24: =F18 -> 0.50806452 | D24: =Config!C12 -> 0.7 | E24: =IF(D24="","",(C24-D24)*100) -> -19.193548 | F24: =IF(D24="","",IF(C24>=D24,"Cumple",IF(C24>=D24-0.1,"En proceso","Crítico"))) -> Crítico | G24: =B18 -> 124
A25: 10.4 | B25: Satisfacción con el perfil de egreso (4–5) | C25: =IF(COUNT(Egresados!$X$2:$X$1501)=0,0,COUNTIF(Egresados!$X$2:$X$1501,">=4")/COUNT(Egresados!$X$2:$X$1501)) -> 0.46153846 | D25: =Config!C13 -> 0.8 | E25: =IF(D25="","",(C25-D25)*100) -> -33.846154 | F25: =IF(D25="","",IF(C25>=D25,"Cumple",IF(C25>=D25-0.1,"En proceso","Crítico"))) -> Crítico | G25: =COUNT(Egresados!$X$2:$X$1501) -> 13
A26: 10.5 | B26: Empleabilidad alcanzada | C26: =E18 -> 0.51612903 | D26: =Config!C14 -> 0.85 | E26: =IF(D26="","",(C26-D26)*100) -> -33.387097 | F26: =IF(D26="","",IF(C26>=D26,"Cumple",IF(C26>=D26-0.1,"En proceso","Crítico"))) -> Crítico | G26: =B18 -> 124
A27: 8.4 | B27: Satisfacción de empleadores (4–5) | C27: =IF(COUNT(Empleadores!$N$2:$N$601)=0,0,COUNTIF(Empleadores!$N$2:$N$601,">=4")/COUNT(Empleadores!$N$2:$N$601)) -> 0 | G27: =COUNT(Empleadores!$N$2:$N$601) -> 0
A28: Plan | B28: Ejecución de actividades programadas | C28: =IF(COUNTIF(Actividades!$H$2:$H$300,"Sí")=0,0,COUNTIFS(Actividades!$H$2:$H$300,"Sí",Actividades!$I$2:$I$300,"Ejecutada")/COUNTIF(Actividades!$H$2:$H$300,"Sí")) -> 0 | G28: =COUNTIF(Actividades!$H$2:$H$300,"Sí") -> 0
A29: SERUMS | B29: Egresados en la lista SERUMS 2026-II (MINSA) | C29: =COUNTIF(Egresados!$AA$2:$AA$1501,"Postulante SERUMS 2026-II*") -> 158
A31: 10.3 Situación laboral por semestre de egreso (% sobre egresados del semestre con situación conocida)
A32: Semestre de egreso | B32: Asistencial | C32: SERUMS | D32: Residentado | E32: Gestión o docencia en salud | F32: Otra área | G32: Posgrado sin laborar | H32: Sin empleo | I32: Con situación conocida | J32: Sin información
A33: 2017-I | B33: =IF($I33=0,"",COUNTIFS(Egresados!$F$2:$F$1501,$A33,Egresados!$O$2:$O$1501,"Asistencial")/$I33) | C33: =IF($I33=0,"",COUNTIFS(Egresados!$F$2:$F$1501,$A33,Egresados!$O$2:$O$1501,"SERUMS")/$I33) | D33: =IF($I33=0,"",COUNTIFS(Egresados!$F$2:$F$1501,$A33,Egresados!$O$2:$O$1501,"Residentado")/$I33) | E33: =IF($I33=0,"",COUNTIFS(Egresados!$F$2:$F$1501,$A33,Egresados!$O$2:$O$1501,"Gestión o docencia en salud")/$I33) | F33: =IF($I33=0,"",COUNTIFS(Egresados!$F$2:$F$1501,$A33,Egresados!$O$2:$O$1501,"Otra área")/$I33) | G33: =IF($I33=0,"",COUNTIFS(Egresados!$F$2:$F$1501,$A33,Egresados!$O$2:$O$1501,"Posgrado sin laborar")/$I33) | H33: =IF($I33=0,"",COUNTIFS(Egresados!$F$2:$F$1501,$A33,Egresados!$O$2:$O$1501,"Sin empleo")/$I33) | I33: =COUNTIFS(Egresados!$F$2:$F$1501,$A33,Egresados!$O$2:$O$1501,"<>Sin información",Egresados!$O$2:$O$1501,"<>") -> 0 | J33: =COUNTIFS(Egresados!$F$2:$F$1501,$A33,Egresados!$O$2:$O$1501,"Sin información") -> 0
A34: 2017-II | B34: =IF($I34=0,"",COUNTIFS(Egresados!$F$2:$F$1501,$A34,Egresados!$O$2:$O$1501,"Asistencial")/$I34) -> 1 | C34: =IF($I34=0,"",COUNTIFS(Egresados!$F$2:$F$1501,$A34,Egresados!$O$2:$O$1501,"SERUMS")/$I34) -> 0 | D34: =IF($I34=0,"",COUNTIFS(Egresados!$F$2:$F$1501,$A34,Egresados!$O$2:$O$1501,"Residentado")/$I34) -> 0 | E34: =IF($I34=0,"",COUNTIFS(Egresados!$F$2:$F$1501,$A34,Egresados!$O$2:$O$1501,"Gestión o docencia en salud")/$I34) -> 0 | F34: =IF($I34=0,"",COUNTIFS(Egresados!$F$2:$F$1501,$A34,Egresados!$O$2:$O$1501,"Otra área")/$I34) -> 0 | G34: =IF($I34=0,"",COUNTIFS(Egresados!$F$2:$F$1501,$A34,Egresados!$O$2:$O$1501,"Posgrado sin laborar")/$I34) -> 0 | H34: =IF($I34=0,"",COUNTIFS(Egresados!$F$2:$F$1501,$A34,Egresados!$O$2:$O$1501,"Sin empleo")/$I34) -> 0 | I34: =COUNTIFS(Egresados!$F$2:$F$1501,$A34,Egresados!$O$2:$O$1501,"<>Sin información",Egresados!$O$2:$O$1501,"<>") -> 7 | J34: =COUNTIFS(Egresados!$F$2:$F$1501,$A34,Egresados!$O$2:$O$1501,"Sin información") -> 39
A35: 2018-I | B35: =IF($I35=0,"",COUNTIFS(Egresados!$F$2:$F$1501,$A35,Egresados!$O$2:$O$1501,"Asistencial")/$I35) | C35: =IF($I35=0,"",COUNTIFS(Egresados!$F$2:$F$1501,$A35,Egresados!$O$2:$O$1501,"SERUMS")/$I35) | D35: =IF($I35=0,"",COUNTIFS(Egresados!$F$2:$F$1501,$A35,Egresados!$O$2:$O$1501,"Residentado")/$I35) | E35: =IF($I35=0,"",COUNTIFS(Egresados!$F$2:$F$1501,$A35,Egresados!$O$2:$O$1501,"Gestión o docencia en salud")/$I35) | F35: =IF($I35=0,"",COUNTIFS(Egresados!$F$2:$F$1501,$A35,Egresados!$O$2:$O$1501,"Otra área")/$I35) | G35: =IF($I35=0,"",COUNTIFS(Egresados!$F$2:$F$1501,$A35,Egresados!$O$2:$O$1501,"Posgrado sin laborar")/$I35) | H35: =IF($I35=0,"",COUNTIFS(Egresados!$F$2:$F$1501,$A35,Egresados!$O$2:$O$1501,"Sin empleo")/$I35) | I35: =COUNTIFS(Egresados!$F$2:$F$1501,$A35,Egresados!$O$2:$O$1501,"<>Sin información",Egresados!$O$2:$O$1501,"<>") -> 0 | J35: =COUNTIFS(Egresados!$F$2:$F$1501,$A35,Egresados!$O$2:$O$1501,"Sin información") -> 0
A36: 2018-II | B36: =IF($I36=0,"",COUNTIFS(Egresados!$F$2:$F$1501,$A36,Egresados!$O$2:$O$1501,"Asistencial")/$I36) -> 1 | C36: =IF($I36=0,"",COUNTIFS(Egresados!$F$2:$F$1501,$A36,Egresados!$O$2:$O$1501,"SERUMS")/$I36) -> 0 | D36: =IF($I36=0,"",COUNTIFS(Egresados!$F$2:$F$1501,$A36,Egresados!$O$2:$O$1501,"Residentado")/$I36) -> 0 | E36: =IF($I36=0,"",COUNTIFS(Egresados!$F$2:$F$1501,$A36,Egresados!$O$2:$O$1501,"Gestión o docencia en salud")/$I36) -> 0 | F36: =IF($I36=0,"",COUNTIFS(Egresados!$F$2:$F$1501,$A36,Egresados!$O$2:$O$1501,"Otra área")/$I36) -> 0 | G36: =IF($I36=0,"",COUNTIFS(Egresados!$F$2:$F$1501,$A36,Egresados!$O$2:$O$1501,"Posgrado sin laborar")/$I36) -> 0 | H36: =IF($I36=0,"",COUNTIFS(Egresados!$F$2:$F$1501,$A36,Egresados!$O$2:$O$1501,"Sin empleo")/$I36) -> 0 | I36: =COUNTIFS(Egresados!$F$2:$F$1501,$A36,Egresados!$O$2:$O$1501,"<>Sin información",Egresados!$O$2:$O$1501,"<>") -> 3 | J36: =COUNTIFS(Egresados!$F$2:$F$1501,$A36,Egresados!$O$2:$O$1501,"Sin información") -> 30
A37: 2019-I | B37: =IF($I37=0,"",COUNTIFS(Egresados!$F$2:$F$1501,$A37,Egresados!$O$2:$O$1501,"Asistencial")/$I37) | C37: =IF($I37=0,"",COUNTIFS(Egresados!$F$2:$F$1501,$A37,Egresados!$O$2:$O$1501,"SERUMS")/$I37) | D37: =IF($I37=0,"",COUNTIFS(Egresados!$F$2:$F$1501,$A37,Egresados!$O$2:$O$1501,"Residentado")/$I37) | E37: =IF($I37=0,"",COUNTIFS(Egresados!$F$2:$F$1501,$A37,Egresados!$O$2:$O$1501,"Gestión o docencia en salud")/$I37) | F37: =IF($I37=0,"",COUNTIFS(Egresados!$F$2:$F$1501,$A37,Egresados!$O$2:$O$1501,"Otra área")/$I37) | G37: =IF($I37=0,"",COUNTIFS(Egresados!$F$2:$F$1501,$A37,Egresados!$O$2:$O$1501,"Posgrado sin laborar")/$I37) | H37: =IF($I37=0,"",COUNTIFS(Egresados!$F$2:$F$1501,$A37,Egresados!$O$2:$O$1501,"Sin empleo")/$I37) | I37: =COUNTIFS(Egresados!$F$2:$F$1501,$A37,Egresados!$O$2:$O$1501,"<>Sin información",Egresados!$O$2:$O$1501,"<>") -> 0 | J37: =COUNTIFS(Egresados!$F$2:$F$1501,$A37,Egresados!$O$2:$O$1501,"Sin información") -> 1
A38: 2019-II | B38: =IF($I38=0,"",COUNTIFS(Egresados!$F$2:$F$1501,$A38,Egresados!$O$2:$O$1501,"Asistencial")/$I38) -> 0.8 | C38: =IF($I38=0,"",COUNTIFS(Egresados!$F$2:$F$1501,$A38,Egresados!$O$2:$O$1501,"SERUMS")/$I38) -> 0 | D38: =IF($I38=0,"",COUNTIFS(Egresados!$F$2:$F$1501,$A38,Egresados!$O$2:$O$1501,"Residentado")/$I38) -> 0 | E38: =IF($I38=0,"",COUNTIFS(Egresados!$F$2:$F$1501,$A38,Egresados!$O$2:$O$1501,"Gestión o docencia en salud")/$I38) -> 0.2 | F38: =IF($I38=0,"",COUNTIFS(Egresados!$F$2:$F$1501,$A38,Egresados!$O$2:$O$1501,"Otra área")/$I38) -> 0 | G38: =IF($I38=0,"",COUNTIFS(Egresados!$F$2:$F$1501,$A38,Egresados!$O$2:$O$1501,"Posgrado sin laborar")/$I38) -> 0 | H38: =IF($I38=0,"",COUNTIFS(Egresados!$F$2:$F$1501,$A38,Egresados!$O$2:$O$1501,"Sin empleo")/$I38) -> 0 | I38: =COUNTIFS(Egresados!$F$2:$F$1501,$A38,Egresados!$O$2:$O$1501,"<>Sin información",Egresados!$O$2:$O$1501,"<>") -> 5 | J38: =COUNTIFS(Egresados!$F$2:$F$1501,$A38,Egresados!$O$2:$O$1501,"Sin información") -> 38
A39: 2020-I | B39: =IF($I39=0,"",COUNTIFS(Egresados!$F$2:$F$1501,$A39,Egresados!$O$2:$O$1501,"Asistencial")/$I39) | C39: =IF($I39=0,"",COUNTIFS(Egresados!$F$2:$F$1501,$A39,Egresados!$O$2:$O$1501,"SERUMS")/$I39) | D39: =IF($I39=0,"",COUNTIFS(Egresados!$F$2:$F$1501,$A39,Egresados!$O$2:$O$1501,"Residentado")/$I39) | E39: =IF($I39=0,"",COUNTIFS(Egresados!$F$2:$F$1501,$A39,Egresados!$O$2:$O$1501,"Gestión o docencia en salud")/$I39) | F39: =IF($I39=0,"",COUNTIFS(Egresados!$F$2:$F$1501,$A39,Egresados!$O$2:$O$1501,"Otra área")/$I39) | G39: =IF($I39=0,"",COUNTIFS(Egresados!$F$2:$F$1501,$A39,Egresados!$O$2:$O$1501,"Posgrado sin laborar")/$I39) | H39: =IF($I39=0,"",COUNTIFS(Egresados!$F$2:$F$1501,$A39,Egresados!$O$2:$O$1501,"Sin empleo")/$I39) | I39: =COUNTIFS(Egresados!$F$2:$F$1501,$A39,Egresados!$O$2:$O$1501,"<>Sin información",Egresados!$O$2:$O$1501,"<>") -> 0 | J39: =COUNTIFS(Egresados!$F$2:$F$1501,$A39,Egresados!$O$2:$O$1501,"Sin información") -> 0
A40: 2020-II | B40: =IF($I40=0,"",COUNTIFS(Egresados!$F$2:$F$1501,$A40,Egresados!$O$2:$O$1501,"Asistencial")/$I40) | C40: =IF($I40=0,"",COUNTIFS(Egresados!$F$2:$F$1501,$A40,Egresados!$O$2:$O$1501,"SERUMS")/$I40) | D40: =IF($I40=0,"",COUNTIFS(Egresados!$F$2:$F$1501,$A40,Egresados!$O$2:$O$1501,"Residentado")/$I40) | E40: =IF($I40=0,"",COUNTIFS(Egresados!$F$2:$F$1501,$A40,Egresados!$O$2:$O$1501,"Gestión o docencia en salud")/$I40) | F40: =IF($I40=0,"",COUNTIFS(Egresados!$F$2:$F$1501,$A40,Egresados!$O$2:$O$1501,"Otra área")/$I40) | G40: =IF($I40=0,"",COUNTIFS(Egresados!$F$2:$F$1501,$A40,Egresados!$O$2:$O$1501,"Posgrado sin laborar")/$I40) | H40: =IF($I40=0,"",COUNTIFS(Egresados!$F$2:$F$1501,$A40,Egresados!$O$2:$O$1501,"Sin empleo")/$I40) | I40: =COUNTIFS(Egresados!$F$2:$F$1501,$A40,Egresados!$O$2:$O$1501,"<>Sin información",Egresados!$O$2:$O$1501,"<>") -> 0 | J40: =COUNTIFS(Egresados!$F$2:$F$1501,$A40,Egresados!$O$2:$O$1501,"Sin información") -> 0
A41: 2021-I | B41: =IF($I41=0,"",COUNTIFS(Egresados!$F$2:$F$1501,$A41,Egresados!$O$2:$O$1501,"Asistencial")/$I41) -> 1 | C41: =IF($I41=0,"",COUNTIFS(Egresados!$F$2:$F$1501,$A41,Egresados!$O$2:$O$1501,"SERUMS")/$I41) -> 0 | D41: =IF($I41=0,"",COUNTIFS(Egresados!$F$2:$F$1501,$A41,Egresados!$O$2:$O$1501,"Residentado")/$I41) -> 0 | E41: =IF($I41=0,"",COUNTIFS(Egresados!$F$2:$F$1501,$A41,Egresados!$O$2:$O$1501,"Gestión o docencia en salud")/$I41) -> 0 | F41: =IF($I41=0,"",COUNTIFS(Egresados!$F$2:$F$1501,$A41,Egresados!$O$2:$O$1501,"Otra área")/$I41) -> 0 | G41: =IF($I41=0,"",COUNTIFS(Egresados!$F$2:$F$1501,$A41,Egresados!$O$2:$O$1501,"Posgrado sin laborar")/$I41) -> 0 | H41: =IF($I41=0,"",COUNTIFS(Egresados!$F$2:$F$1501,$A41,Egresados!$O$2:$O$1501,"Sin empleo")/$I41) -> 0 | I41: =COUNTIFS(Egresados!$F$2:$F$1501,$A41,Egresados!$O$2:$O$1501,"<>Sin información",Egresados!$O$2:$O$1501,"<>") -> 2 | J41: =COUNTIFS(Egresados!$F$2:$F$1501,$A41,Egresados!$O$2:$O$1501,"Sin información") -> 39
A42: 2021-II | B42: =IF($I42=0,"",COUNTIFS(Egresados!$F$2:$F$1501,$A42,Egresados!$O$2:$O$1501,"Asistencial")/$I42) | C42: =IF($I42=0,"",COUNTIFS(Egresados!$F$2:$F$1501,$A42,Egresados!$O$2:$O$1501,"SERUMS")/$I42) | D42: =IF($I42=0,"",COUNTIFS(Egresados!$F$2:$F$1501,$A42,Egresados!$O$2:$O$1501,"Residentado")/$I42) | E42: =IF($I42=0,"",COUNTIFS(Egresados!$F$2:$F$1501,$A42,Egresados!$O$2:$O$1501,"Gestión o docencia en salud")/$I42) | F42: =IF($I42=0,"",COUNTIFS(Egresados!$F$2:$F$1501,$A42,Egresados!$O$2:$O$1501,"Otra área")/$I42) | G42: =IF($I42=0,"",COUNTIFS(Egresados!$F$2:$F$1501,$A42,Egresados!$O$2:$O$1501,"Posgrado sin laborar")/$I42) | H42: =IF($I42=0,"",COUNTIFS(Egresados!$F$2:$F$1501,$A42,Egresados!$O$2:$O$1501,"Sin empleo")/$I42) | I42: =COUNTIFS(Egresados!$F$2:$F$1501,$A42,Egresados!$O$2:$O$1501,"<>Sin información",Egresados!$O$2:$O$1501,"<>") -> 0 | J42: =COUNTIFS(Egresados!$F$2:$F$1501,$A42,Egresados!$O$2:$O$1501,"Sin información") -> 0
A43: 2022-I | B43: =IF($I43=0,"",COUNTIFS(Egresados!$F$2:$F$1501,$A43,Egresados!$O$2:$O$1501,"Asistencial")/$I43) -> 0.58064516 | C43: =IF($I43=0,"",COUNTIFS(Egresados!$F$2:$F$1501,$A43,Egresados!$O$2:$O$1501,"SERUMS")/$I43) -> 0 | D43: =IF($I43=0,"",COUNTIFS(Egresados!$F$2:$F$1501,$A43,Egresados!$O$2:$O$1501,"Residentado")/$I43) -> 0.096774194 | E43: =IF($I43=0,"",COUNTIFS(Egresados!$F$2:$F$1501,$A43,Egresados!$O$2:$O$1501,"Gestión o docencia en salud")/$I43) -> 0.032258065 | F43: =IF($I43=0,"",COUNTIFS(Egresados!$F$2:$F$1501,$A43,Egresados!$O$2:$O$1501,"Otra área")/$I43) -> 0 | G43: =IF($I43=0,"",COUNTIFS(Egresados!$F$2:$F$1501,$A43,Egresados!$O$2:$O$1501,"Posgrado sin laborar")/$I43) -> 0 | H43: =IF($I43=0,"",COUNTIFS(Egresados!$F$2:$F$1501,$A43,Egresados!$O$2:$O$1501,"Sin empleo")/$I43) -> 0.29032258 | I43: =COUNTIFS(Egresados!$F$2:$F$1501,$A43,Egresados!$O$2:$O$1501,"<>Sin información",Egresados!$O$2:$O$1501,"<>") -> 31 | J43: =COUNTIFS(Egresados!$F$2:$F$1501,$A43,Egresados!$O$2:$O$1501,"Sin información") -> 28
A44: 2022-II | B44: =IF($I44=0,"",COUNTIFS(Egresados!$F$2:$F$1501,$A44,Egresados!$O$2:$O$1501,"Asistencial")/$I44) -> 0.5 | C44: =IF($I44=0,"",COUNTIFS(Egresados!$F$2:$F$1501,$A44,Egresados!$O$2:$O$1501,"SERUMS")/$I44) -> 0 | D44: =IF($I44=0,"",COUNTIFS(Egresados!$F$2:$F$1501,$A44,Egresados!$O$2:$O$1501,"Residentado")/$I44) -> 0 | E44: =IF($I44=0,"",COUNTIFS(Egresados!$F$2:$F$1501,$A44,Egresados!$O$2:$O$1501,"Gestión o docencia en salud")/$I44) -> 0 | F44: =IF($I44=0,"",COUNTIFS(Egresados!$F$2:$F$1501,$A44,Egresados!$O$2:$O$1501,"Otra área")/$I44) -> 0 | G44: =IF($I44=0,"",COUNTIFS(Egresados!$F$2:$F$1501,$A44,Egresados!$O$2:$O$1501,"Posgrado sin laborar")/$I44) -> 0 | H44: =IF($I44=0,"",COUNTIFS(Egresados!$F$2:$F$1501,$A44,Egresados!$O$2:$O$1501,"Sin empleo")/$I44) -> 0.5 | I44: =COUNTIFS(Egresados!$F$2:$F$1501,$A44,Egresados!$O$2:$O$1501,"<>Sin información",Egresados!$O$2:$O$1501,"<>") -> 2 | J44: =COUNTIFS(Egresados!$F$2:$F$1501,$A44,Egresados!$O$2:$O$1501,"Sin información") -> 95
... A54: 2027-II | B54: =IF($I54=0,"",COUNTIFS(Egresados!$F$2:$F$1501,$A54,Egresados!$O$2:$O$1501,"Asistencial")/$I54) | C54: =IF($I54=0,"",COUNTIFS(Egresados!$F$2:$F$1501,$A54,Egresados!$O$2:$O$1501,"SERUMS")/$I54) | D54: =IF($I54=0,"",COUNTIFS(Egresados!$F$2:$F$1501,$A54,Egresados!$O$2:$O$1501,"Residentado")/$I54) | E54: =IF($I54=0,"",COUNTIFS(Egresados!$F$2:$F$1501,$A54,Egresados!$O$2:$O$1501,"Gestión o docencia en salud")/$I54) | F54: =IF($I54=0,"",COUNTIFS(Egresados!$F$2:$F$1501,$A54,Egresados!$O$2:$O$1501,"Otra área")/$I54) | G54: =IF($I54=0,"",COUNTIFS(Egresados!$F$2:$F$1501,$A54,Egresados!$O$2:$O$1501,"Posgrado sin laborar")/$I54) | H54: =IF($I54=0,"",COUNTIFS(Egresados!$F$2:$F$1501,$A54,Egresados!$O$2:$O$1501,"Sin empleo")/$I54) | I54: =COUNTIFS(Egresados!$F$2:$F$1501,$A54,Egresados!$O$2:$O$1501,"<>Sin información",Egresados!$O$2:$O$1501,"<>") -> 0 | J54: =COUNTIFS(Egresados!$F$2:$F$1501,$A54,Egresados!$O$2:$O$1501,"Sin información") -> 0

Sheet Egresados
A1: ID | B1: Código universitario | C1: Apellidos y nombres | D1: Sexo | E1: Sede | F1: Semestre de egreso | G1: Fecha de egreso | H1: Años desde egreso | I1: Tramo | J1: Condición académica | K1: N.° CMP | L1: Correo | M1: Celular | N1: Ciudad de residencia | O1: Situación laboral | P1: Con empleo | Q1: En su especialidad | R1: Cargo / puesto | S1: ID empleador | T1: Empleador | U1: Datos actualizados en el semestre | V1: Fecha última actualización | W1: Encuesta F1-SSEG-01 respondida | X1: Satisfacción perfil de egreso (1–5) | Y1: Participa en actividades / asociación | Z1: Observaciones | AA1: SERUMS (último dato) | AB1: Fuente de actualización
A2: 1 | B2: 010101145C | C2: AMADO GALIANO MARIA DEL CARMEN | D2: F | E2: Cusco | F2: 2017-II | G2: 43137 | H2: =IF(G2="","",ROUND((Config!$C$4-G2)/365.25,2)) -> 8.65 | I2: =IF(H2="","",IF(H2<=1,"Tramo 1",IF(H2<=3,"Tramo 2",IF(H2<=5,"Tramo 3","Tramo 4")))) -> Tramo 4 | J2: Titulado | L2: carmencitaama@gmail.com | M2: 984933052 | O2: Sin información | P2: =IF(OR(O2="",O2="Sin información"),"",IFERROR(INDEX(Listas!$B$2:$B$9,MATCH(O2,Listas!$A$2:$A$9,0)),"")) | Q2: =IF(OR(O2="",O2="Sin información"),"",IFERROR(INDEX(Listas!$C$2:$C$9,MATCH(O2,Listas!$A$2:$A$9,0)),"")) | T2: =IF(S2="","",IFERROR(INDEX(Empleadores!$B$2:$B$601,MATCH(S2,Empleadores!$A$2:$A$601,0)),"No encontrado")) | U2: =IF(C2="","",IF(V2="","No",IF(Config!$C$4-V2<=Config!$C$15,"Sí","No"))) -> No
A3: 2 | B3: 010200048F | C3: ARROYO ENRIQUEZ LIZ KATHERINE | D3: F | E3: Cusco | F3: 2017-II | G3: 43137 | H3: =IF(G3="","",ROUND((Config!$C$4-G3)/365.25,2)) -> 8.65 | I3: =IF(H3="","",IF(H3<=1,"Tramo 1",IF(H3<=3,"Tramo 2",IF(H3<=5,"Tramo 3","Tramo 4")))) -> Tramo 4 | J3: Titulado | L3: lizarroyoenriquez@hotmail.com | M3: 927665525 | O3: Sin información | P3: =IF(OR(O3="",O3="Sin información"),"",IFERROR(INDEX(Listas!$B$2:$B$9,MATCH(O3,Listas!$A$2:$A$9,0)),"")) | Q3: =IF(OR(O3="",O3="Sin información"),"",IFERROR(INDEX(Listas!$C$2:$C$9,MATCH(O3,Listas!$A$2:$A$9,0)),"")) | T3: =IF(S3="","",IFERROR(INDEX(Empleadores!$B$2:$B$601,MATCH(S3,Empleadores!$A$2:$A$601,0)),"No encontrado")) | U3: =IF(C3="","",IF(V3="","No",IF(Config!$C$4-V3<=Config!$C$15,"Sí","No"))) -> No
A4: 3 | B4: 010200049B | C4: BEJAR CHAUCA JOSE CARLOS | D4: M | E4: Cusco | F4: 2017-II | G4: 43137 | H4: =IF(G4="","",ROUND((Config!$C$4-G4)/365.25,2)) -> 8.65 | I4: =IF(H4="","",IF(H4<=1,"Tramo 1",IF(H4<=3,"Tramo 2",IF(H4<=5,"Tramo 3","Tramo 4")))) -> Tramo 4 | J4: Titulado | L4: jose_stricker@hotmail.com | M4: 926063485 | O4: Sin información | P4: =IF(OR(O4="",O4="Sin información"),"",IFERROR(INDEX(Listas!$B$2:$B$9,MATCH(O4,Listas!$A$2:$A$9,0)),"")) | Q4: =IF(OR(O4="",O4="Sin información"),"",IFERROR(INDEX(Listas!$C$2:$C$9,MATCH(O4,Listas!$A$2:$A$9,0)),"")) | T4: =IF(S4="","",IFERROR(INDEX(Empleadores!$B$2:$B$601,MATCH(S4,Empleadores!$A$2:$A$601,0)),"No encontrado")) | U4: =IF(C4="","",IF(V4="","No",IF(Config!$C$4-V4<=Config!$C$15,"Sí","No"))) -> No
A5: 4 | B5: 010101149I | C5: CABRERA BERROCAL ROMULO ABRAHAM | D5: M | E5: Cusco | F5: 2017-II | G5: 43137 | H5: =IF(G5="","",ROUND((Config!$C$4-G5)/365.25,2)) -> 8.65 | I5: =IF(H5="","",IF(H5<=1,"Tramo 1",IF(H5<=3,"Tramo 2",IF(H5<=5,"Tramo 3","Tramo 4")))) -> Tramo 4 | J5: Titulado | L5: abrahamrcb@hotmail.com | M5: 941555739 | O5: Sin información | P5: =IF(OR(O5="",O5="Sin información"),"",IFERROR(INDEX(Listas!$B$2:$B$9,MATCH(O5,Listas!$A$2:$A$9,0)),"")) | Q5: =IF(OR(O5="",O5="Sin información"),"",IFERROR(INDEX(Listas!$C$2:$C$9,MATCH(O5,Listas!$A$2:$A$9,0)),"")) | T5: =IF(S5="","",IFERROR(INDEX(Empleadores!$B$2:$B$601,MATCH(S5,Empleadores!$A$2:$A$601,0)),"No encontrado")) | U5: =IF(C5="","",IF(V5="","No",IF(Config!$C$4-V5<=Config!$C$15,"Sí","No"))) -> No
A6: 5 | B6: 010200051G | C6: CARDENAS APAZA GIULIANA BRIGITTE | D6: F | E6: Cusco | F6: 2017-II | G6: 43137 | H6: =IF(G6="","",ROUND((Config!$C$4-G6)/365.25,2)) -> 8.65 | I6: =IF(H6="","",IF(H6<=1,"Tramo 1",IF(H6<=3,"Tramo 2",IF(H6<=5,"Tramo 3","Tramo 4")))) -> Tramo 4 | J6: Titulado | L6: GIBRITTE_8@HOTMAIL.COM | M6: 987311309 | O6: Sin información | P6: =IF(OR(O6="",O6="Sin información"),"",IFERROR(INDEX(Listas!$B$2:$B$9,MATCH(O6,Listas!$A$2:$A$9,0)),"")) | Q6: =IF(OR(O6="",O6="Sin información"),"",IFERROR(INDEX(Listas!$C$2:$C$9,MATCH(O6,Listas!$A$2:$A$9,0)),"")) | T6: =IF(S6="","",IFERROR(INDEX(Empleadores!$B$2:$B$601,MATCH(S6,Empleadores!$A$2:$A$601,0)),"No encontrado")) | U6: =IF(C6="","",IF(V6="","No",IF(Config!$C$4-V6<=Config!$C$15,"Sí","No"))) -> No
A7: 6 | B7: 011200687H | C7: CASTAÑEDA MONTAÑEZ JOSEPH ABELARDO | D7: M | E7: Cusco | F7: 2017-II | G7: 43137 | H7: =IF(G7="","",ROUND((Config!$C$4-G7)/365.25,2)) -> 8.65 | I7: =IF(H7="","",IF(H7<=1,"Tramo 1",IF(H7<=3,"Tramo 2",IF(H7<=5,"Tramo 3","Tramo 4")))) -> Tramo 4 | J7: Titulado | L7: joseph_10717@hotmail.com | M7: 974673666 | O7: Sin información | P7: =IF(OR(O7="",O7="Sin información"),"",IFERROR(INDEX(Listas!$B$2:$B$9,MATCH(O7,Listas!$A$2:$A$9,0)),"")) | Q7: =IF(OR(O7="",O7="Sin información"),"",IFERROR(INDEX(Listas!$C$2:$C$9,MATCH(O7,Listas!$A$2:$A$9,0)),"")) | T7: =IF(S7="","",IFERROR(INDEX(Empleadores!$B$2:$B$601,MATCH(S7,Empleadores!$A$2:$A$601,0)),"No encontrado")) | U7: =IF(C7="","",IF(V7="","No",IF(Config!$C$4-V7<=Config!$C$15,"Sí","No"))) -> No
A8: 7 | B8: 010101151C | C8: CONTRERAS PIZARRO MARX | D8: M | E8: Cusco | F8: 2017-II | G8: 43137 | H8: =IF(G8="","",ROUND((Config!$C$4-G8)/365.25,2)) -> 8.65 | I8: =IF(H8="","",IF(H8<=1,"Tramo 1",IF(H8<=3,"Tramo 2",IF(H8<=5,"Tramo 3","Tramo 4")))) -> Tramo 4 | J8: Bachiller | L8: marxcp_1@hotmail.com | M8: 973675813 | O8: Sin información | P8: =IF(OR(O8="",O8="Sin información"),"",IFERROR(INDEX(Listas!$B$2:$B$9,MATCH(O8,Listas!$A$2:$A$9,0)),"")) | Q8: =IF(OR(O8="",O8="Sin información"),"",IFERROR(INDEX(Listas!$C$2:$C$9,MATCH(O8,Listas!$A$2:$A$9,0)),"")) | T8: =IF(S8="","",IFERROR(INDEX(Empleadores!$B$2:$B$601,MATCH(S8,Empleadores!$A$2:$A$601,0)),"No encontrado")) | U8: =IF(C8="","",IF(V8="","No",IF(Config!$C$4-V8<=Config!$C$15,"Sí","No"))) -> No
A9: 8 | B9: 010200054F | C9: CUSIPAUCAR USCAMAITA GUSTAVO | D9: M | E9: Cusco | F9: 2017-II | G9: 43137 | H9: =IF(G9="","",ROUND((Config!$C$4-G9)/365.25,2)) -> 8.65 | I9: =IF(H9="","",IF(H9<=1,"Tramo 1",IF(H9<=3,"Tramo 2",IF(H9<=5,"Tramo 3","Tramo 4")))) -> Tramo 4 | J9: Titulado | L9: gus7209@hotmail.com | M9: 941001533 | O9: Sin información | P9: =IF(OR(O9="",O9="Sin información"),"",IFERROR(INDEX(Listas!$B$2:$B$9,MATCH(O9,Listas!$A$2:$A$9,0)),"")) | Q9: =IF(OR(O9="",O9="Sin información"),"",IFERROR(INDEX(Listas!$C$2:$C$9,MATCH(O9,Listas!$A$2:$A$9,0)),"")) | T9: =IF(S9="","",IFERROR(INDEX(Empleadores!$B$2:$B$601,MATCH(S9,Empleadores!$A$2:$A$601,0)),"No encontrado")) | U9: =IF(C9="","",IF(V9="","No",IF(Config!$C$4-V9<=Config!$C$15,"Sí","No"))) -> No
A10: 9 | B10: 010101154B | C10: DIAZ FLOREZ VICTOR IVANNY | D10: M | E10: Cusco | F10: 2017-II | G10: 43137 | H10: =IF(G10="","",ROUND((Config!$C$4-G10)/365.25,2)) -> 8.65 | I10: =IF(H10="","",IF(H10<=1,"Tramo 1",IF(H10<=3,"Tramo 2",IF(H10<=5,"Tramo 3","Tramo 4")))) -> Tramo 4 | J10: Titulado | L10: vitovanny@gmail.com | M10: 993609625 | O10: Sin información | P10: =IF(OR(O10="",O10="Sin información"),"",IFERROR(INDEX(Listas!$B$2:$B$9,MATCH(O10,Listas!$A$2:$A$9,0)),"")) | Q10: =IF(OR(O10="",O10="Sin información"),"",IFERROR(INDEX(Listas!$C$2:$C$9,MATCH(O10,Listas!$A$2:$A$9,0)),"")) | T10: =IF(S10="","",IFERROR(INDEX(Empleadores!$B$2:$B$601,MATCH(S10,Empleadores!$A$2:$A$601,0)),"No encontrado")) | U10: =IF(C10="","",IF(V10="","No",IF(Config!$C$4-V10<=Config!$C$15,"Sí","No"))) -> No
A11: 10 | B11: 010200055B | C11: ERQUINIGO MARTINEZ RUSS MERY | D11: F | E11: Cusco | F11: 2017-II | G11: 43137 | H11: =IF(G11="","",ROUND((Config!$C$4-G11)/365.25,2)) -> 8.65 | I11: =IF(H11="","",IF(H11<=1,"Tramo 1",IF(H11<=3,"Tramo 2",IF(H11<=5,"Tramo 3","Tramo 4")))) -> Tramo 4 | J11: Titulado | L11: vitovanny@gmail.com | M11: 966565152 | O11: Asistencial | P11: =IF(OR(O11="",O11="Sin información"),"",IFERROR(INDEX(Listas!$B$2:$B$9,MATCH(O11,Listas!$A$2:$A$9,0)),"")) -> Sí | Q11: =IF(OR(O11="",O11="Sin información"),"",IFERROR(INDEX(Listas!$C$2:$C$9,MATCH(O11,Listas!$A$2:$A$9,0)),"")) -> Sí | S11: EMP-001 | T11: =IF(S11="","",IFERROR(INDEX(Empleadores!$B$2:$B$601,MATCH(S11,Empleadores!$A$2:$A$601,0)),"No encontrado")) -> Hospital Regional del Cusco | U11: =IF(C11="","",IF(V11="","No",IF(Config!$C$4-V11<=Config!$C$15,"Sí","No"))) -> Sí | V11: 45974 | Y11: Sí | Z11: Marcó 'Otros' en el Encuentro: verificar si es residentado | AB11: I Encuentro de Egresados
A12: 11 | B12: 010101156E | C12: ESENARRO MEZA FRANCO MARTIN | D12: M | E12: Cusco | F12: 2017-II | G12: 43137 | H12: =IF(G12="","",ROUND((Config!$C$4-G12)/365.25,2)) -> 8.65 | I12: =IF(H12="","",IF(H12<=1,"Tramo 1",IF(H12<=3,"Tramo 2",IF(H12<=5,"Tramo 3","Tramo 4")))) -> Tramo 4 | J12: Titulado | L12: francoesenarro@gmail.com | M12: 984162624 | O12: Sin información | P12: =IF(OR(O12="",O12="Sin información"),"",IFERROR(INDEX(Listas!$B$2:$B$9,MATCH(O12,Listas!$A$2:$A$9,0)),"")) | Q12: =IF(OR(O12="",O12="Sin información"),"",IFERROR(INDEX(Listas!$C$2:$C$9,MATCH(O12,Listas!$A$2:$A$9,0)),"")) | T12: =IF(S12="","",IFERROR(INDEX(Empleadores!$B$2:$B$601,MATCH(S12,Empleadores!$A$2:$A$601,0)),"No encontrado")) | U12: =IF(C12="","",IF(V12="","No",IF(Config!$C$4-V12<=Config!$C$15,"Sí","No"))) -> No
A13: 12 | B13: 010200056I | C13: ESPEJO ALENCASTRE CIRO BRYAN | D13: M | E13: Cusco | F13: 2017-II | G13: 43137 | H13: =IF(G13="","",ROUND((Config!$C$4-G13)/365.25,2)) -> 8.65 | I13: =IF(H13="","",IF(H13<=1,"Tramo 1",IF(H13<=3,"Tramo 2",IF(H13<=5,"Tramo 3","Tramo 4")))) -> Tramo 4 | J13: Titulado | L13: bryanespejosc4@hotmail.com | M13: 987879717 | O13: Sin información | P13: =IF(OR(O13="",O13="Sin información"),"",IFERROR(INDEX(Listas!$B$2:$B$9,MATCH(O13,Listas!$A$2:$A$9,0)),"")) | Q13: =IF(OR(O13="",O13="Sin información"),"",IFERROR(INDEX(Listas!$C$2:$C$9,MATCH(O13,Listas!$A$2:$A$9,0)),"")) | T13: =IF(S13="","",IFERROR(INDEX(Empleadores!$B$2:$B$601,MATCH(S13,Empleadores!$A$2:$A$601,0)),"No encontrado")) | U13: =IF(C13="","",IF(V13="","No",IF(Config!$C$4-V13<=Config!$C$15,"Sí","No"))) -> No
A14: 13 | B14: 010200057E | C14: ESTRADA GUTIERREZ KARLA STEFANY | D14: F | E14: Cusco | F14: 2017-II | G14: 43137 | H14: =IF(G14="","",ROUND((Config!$C$4-G14)/365.25,2)) -> 8.65 | I14: =IF(H14="","",IF(H14<=1,"Tramo 1",IF(H14<=3,"Tramo 2",IF(H14<=5,"Tramo 3","Tramo 4")))) -> Tramo 4 | J14: Titulado | L14: tefy_xd@hotmail.com | M14: 974783160 | O14: Sin información | P14: =IF(OR(O14="",O14="Sin información"),"",IFERROR(INDEX(Listas!$B$2:$B$9,MATCH(O14,Listas!$A$2:$A$9,0)),"")) | Q14: =IF(OR(O14="",O14="Sin información"),"",IFERROR(INDEX(Listas!$C$2:$C$9,MATCH(O14,Listas!$A$2:$A$9,0)),"")) | T14: =IF(S14="","",IFERROR(INDEX(Empleadores!$B$2:$B$601,MATCH(S14,Empleadores!$A$2:$A$601,0)),"No encontrado")) | U14: =IF(C14="","",IF(V14="","No",IF(Config!$C$4-V14<=Config!$C$15,"Sí","No"))) -> No
A15: 14 | B15: 010200059H | C15: FERNANDEZ BRAVO ANGELA MILAGROS | D15: F | E15: Cusco | F15: 2017-II | G15: 43137 | H15: =IF(G15="","",ROUND((Config!$C$4-G15)/365.25,2)) -> 8.65 | I15: =IF(H15="","",IF(H15<=1,"Tramo 1",IF(H15<=3,"Tramo 2",IF(H15<=5,"Tramo 3","Tramo 4")))) -> Tramo 4 | J15: Titulado | L15: angiemfb@gmail.com | M15: 961165505 | O15: Sin información | P15: =IF(OR(O15="",O15="Sin información"),"",IFERROR(INDEX(Listas!$B$2:$B$9,MATCH(O15,Listas!$A$2:$A$9,0)),"")) | Q15: =IF(OR(O15="",O15="Sin información"),"",IFERROR(INDEX(Listas!$C$2:$C$9,MATCH(O15,Listas!$A$2:$A$9,0)),"")) | T15: =IF(S15="","",IFERROR(INDEX(Empleadores!$B$2:$B$601,MATCH(S15,Empleadores!$A$2:$A$601,0)),"No encontrado")) | U15: =IF(C15="","",IF(V15="","No",IF(Config!$C$4-V15<=Config!$C$15,"Sí","No"))) -> No
A16: 15 | B16: 011200684I | C16: GALINDO GUEVARA MARGIORI | D16: F | E16: Cusco | F16: 2017-II | G16: 43137 | H16: =IF(G16="","",ROUND((Config!$C$4-G16)/365.25,2)) -> 8.65 | I16: =IF(H16="","",IF(H16<=1,"Tramo 1",IF(H16<=3,"Tramo 2",IF(H16<=5,"Tramo 3","Tramo 4")))) -> Tramo 4 | J16: Titulado | L16: margie_257@hotmail.com | M16: 984445832 | O16: Sin información | P16: =IF(OR(O16="",O16="Sin información"),"",IFERROR(INDEX(Listas!$B$2:$B$9,MATCH(O16,Listas!$A$2:$A$9,0)),"")) | Q16: =IF(OR(O16="",O16="Sin información"),"",IFERROR(INDEX(Listas!$C$2:$C$9,MATCH(O16,Listas!$A$2:$A$9,0)),"")) | T16: =IF(S16="","",IFERROR(INDEX(Empleadores!$B$2:$B$601,MATCH(S16,Empleadores!$A$2:$A$601,0)),"No encontrado")) | U16: =IF(C16="","",IF(V16="","No",IF(Config!$C$4-V16<=Config!$C$15,"Sí","No"))) -> No
A17: 16 | B17: 011100435G | C17: GARCIA SAMANEZ ALYTSA MARICLE | D17: F | E17: Cusco | F17: 2017-II | G17: 43137 | H17: =IF(G17="","",ROUND((Config!$C$4-G17)/365.25,2)) -> 8.65 | I17: =IF(H17="","",IF(H17<=1,"Tramo 1",IF(H17<=3,"Tramo 2",IF(H17<=5,"Tramo 3","Tramo 4")))) -> Tramo 4 | J17: Titulado | L17: alytsa_1799@hotmail.com | M17: 984831939 | O17: Sin información | P17: =IF(OR(O17="",O17="Sin información"),"",IFERROR(INDEX(Listas!$B$2:$B$9,MATCH(O17,Listas!$A$2:$A$9,0)),"")) | Q17: =IF(OR(O17="",O17="Sin información"),"",IFERROR(INDEX(Listas!$C$2:$C$9,MATCH(O17,Listas!$A$2:$A$9,0)),"")) | T17: =IF(S17="","",IFERROR(INDEX(Empleadores!$B$2:$B$601,MATCH(S17,Empleadores!$A$2:$A$601,0)),"No encontrado")) | U17: =IF(C17="","",IF(V17="","No",IF(Config!$C$4-V17<=Config!$C$15,"Sí","No"))) -> No
A18: 17 | B18: 011100436C | C18: GUTIERREZ VENERO ELIO SERGIO | D18: M | E18: Cusco | F18: 2017-II | G18: 43137 | H18: =IF(G18="","",ROUND((Config!$C$4-G18)/365.25,2)) -> 8.65 | I18: =IF(H18="","",IF(H18<=1,"Tramo 1",IF(H18<=3,"Tramo 2",IF(H18<=5,"Tramo 3","Tramo 4")))) -> Tramo 4 | J18: Titulado | L18: sergi_guti@hotmail.com | M18: 993082414 | O18: Sin información | P18: =IF(OR(O18="",O18="Sin información"),"",IFERROR(INDEX(Listas!$B$2:$B$9,MATCH(O18,Listas!$A$2:$A$9,0)),"")) | Q18: =IF(OR(O18="",O18="Sin información"),"",IFERROR(INDEX(Listas!$C$2:$C$9,MATCH(O18,Listas!$A$2:$A$9,0)),"")) | T18: =IF(S18="","",IFERROR(INDEX(Empleadores!$B$2:$B$601,MATCH(S18,Empleadores!$A$2:$A$601,0)),"No encontrado")) | U18: =IF(C18="","",IF(V18="","No",IF(Config!$C$4-V18<=Config!$C$15,"Sí","No"))) -> No
A19: 18 | B19: 011100438F | C19: HALANOCA QUISPE CARINA | D19: F | E19: Cusco | F19: 2017-II | G19: 43137 | H19: =IF(G19="","",ROUND((Config!$C$4-G19)/365.25,2)) -> 8.65 | I19: =IF(H19="","",IF(H19<=1,"Tramo 1",IF(H19<=3,"Tramo 2",IF(H19<=5,"Tramo 3","Tramo 4")))) -> Tramo 4 | J19: Titulado | L19: cahaqui120@gmail.com | M19: 942244414 | O19: Sin información | P19: =IF(OR(O19="",O19="Sin información"),"",IFERROR(INDEX(Listas!$B$2:$B$9,MATCH(O19,Listas!$A$2:$A$9,0)),"")) | Q19: =IF(OR(O19="",O19="Sin información"),"",IFERROR(INDEX(Listas!$C$2:$C$9,MATCH(O19,Listas!$A$2:$A$9,0)),"")) | T19: =IF(S19="","",IFERROR(INDEX(Empleadores!$B$2:$B$601,MATCH(S19,Empleadores!$A$2:$A$601,0)),"No encontrado")) | U19: =IF(C19="","",IF(V19="","No",IF(Config!$C$4-V19<=Config!$C$15,"Sí","No"))) -> No
A20: 19 | B20: 011100439B | C20: HERRERA BUSTAMANTE TATIANA CELINA | D20: F | E20: Cusco | F20: 2017-II | G20: 43137 | H20: =IF(G20="","",ROUND((Config!$C$4-G20)/365.25,2)) -> 8.65 | I20: =IF(H20="","",IF(H20<=1,"Tramo 1",IF(H20<=3,"Tramo 2",IF(H20<=5,"Tramo 3","Tramo 4")))) -> Tramo 4 | J20: Titulado | L20: celinahb1@gmail.com | M20: 972763114 | O20: Sin información | P20: =IF(OR(O20="",O20="Sin información"),"",IFERROR(INDEX(Listas!$B$2:$B$9,MATCH(O20,Listas!$A$2:$A$9,0)),"")) | Q20: =IF(OR(O20="",O20="Sin información"),"",IFERROR(INDEX(Listas!$C$2:$C$9,MATCH(O20,Listas!$A$2:$A$9,0)),"")) | T20: =IF(S20="","",IFERROR(INDEX(Empleadores!$B$2:$B$601,MATCH(S20,Empleadores!$A$2:$A$601,0)),"No encontrado")) | U20: =IF(C20="","",IF(V20="","No",IF(Config!$C$4-V20<=Config!$C$15,"Sí","No"))) -> No
A21: 20 | B21: 010101158H | C21: HUALLPAYUNCA PILLCO KAREN SABY | D21: F | E21: Cusco | F21: 2017-II | G21: 43137 | H21: =IF(G21="","",ROUND((Config!$C$4-G21)/365.25,2)) -> 8.65 | I21: =IF(H21="","",IF(H21<=1,"Tramo 1",IF(H21<=3,"Tramo 2",IF(H21<=5,"Tramo 3","Tramo 4")))) -> Tramo 4 | J21: Titulado | L21: rnhpillco@gmail.com | M21: 986198960 | O21: Sin información | P21: =IF(OR(O21="",O21="Sin información"),"",IFERROR(INDEX(Listas!$B$2:$B$9,MATCH(O21,Listas!$A$2:$A$9,0)),"")) | Q21: =IF(OR(O21="",O21="Sin información"),"",IFERROR(INDEX(Listas!$C$2:$C$9,MATCH(O21,Listas!$A$2:$A$9,0)),"")) | T21: =IF(S21="","",IFERROR(INDEX(Empleadores!$B$2:$B$601,MATCH(S21,Empleadores!$A$2:$A$601,0)),"No encontrado")) | U21: =IF(C21="","",IF(V21="","No",IF(Config!$C$4-V21<=Config!$C$15,"Sí","No"))) -> No
A22: 21 | B22: 010101159D | C22: HUAMAN APAZA HILDA MAYRA | D22: F | E22: Cusco | F22: 2017-II | G22: 43137 | H22: =IF(G22="","",ROUND((Config!$C$4-G22)/365.25,2)) -> 8.65 | I22: =IF(H22="","",IF(H22<=1,"Tramo 1",IF(H22<=3,"Tramo 2",IF(H22<=5,"Tramo 3","Tramo 4")))) -> Tramo 4 | J22: Titulado | L22: yarimalda_100@outlook.com | M22: 979315464 | O22: Asistencial | P22: =IF(OR(O22="",O22="Sin información"),"",IFERROR(INDEX(Listas!$B$2:$B$9,MATCH(O22,Listas!$A$2:$A$9,0)),"")) -> Sí | Q22: =IF(OR(O22="",O22="Sin información"),"",IFERROR(INDEX(Listas!$C$2:$C$9,MATCH(O22,Listas!$A$2:$A$9,0)),"")) -> Sí | S22: EMP-001 | T22: =IF(S22="","",IFERROR(INDEX(Empleadores!$B$2:$B$601,MATCH(S22,Empleadores!$A$2:$A$601,0)),"No encontrado")) -> Hospital Regional del Cusco | U22: =IF(C22="","",IF(V22="","No",IF(Config!$C$4-V22<=Config!$C$15,"Sí","No"))) -> Sí | V22: 45974 | Y22: Sí | AB22: I Encuentro de Egresados
A23: 22 | B23: 011200694D | C23: HUGO CARRILLO JHUVILKA | D23: F | E23: Cusco | F23: 2017-II | G23: 43137 | H23: =IF(G23="","",ROUND((Config!$C$4-G23)/365.25,2)) -> 8.65 | I23: =IF(H23="","",IF(H23<=1,"Tramo 1",IF(H23<=3,"Tramo 2",IF(H23<=5,"Tramo 3","Tramo 4")))) -> Tramo 4 | J23: Titulado | L23: c_lili_2008@hotmail.com | M23: 984235313 | O23: Sin información | P23: =IF(OR(O23="",O23="Sin información"),"",IFERROR(INDEX(Listas!$B$2:$B$9,MATCH(O23,Listas!$A$2:$A$9,0)),"")) | Q23: =IF(OR(O23="",O23="Sin información"),"",IFERROR(INDEX(Listas!$C$2:$C$9,MATCH(O23,Listas!$A$2:$A$9,0)),"")) | T23: =IF(S23="","",IFERROR(INDEX(Empleadores!$B$2:$B$601,MATCH(S23,Empleadores!$A$2:$A$601,0)),"No encontrado")) | U23: =IF(C23="","",IF(V23="","No",IF(Config!$C$4-V23<=Config!$C$15,"Sí","No"))) -> No
A24: 23 | B24: 011100447E | C24: MAMANI VARGAS CHRISTEL GABRIELA | D24: F | E24: Cusco | F24: 2017-II | G24: 43137 | H24: =IF(G24="","",ROUND((Config!$C$4-G24)/365.25,2)) -> 8.65 | I24: =IF(H24="","",IF(H24<=1,"Tramo 1",IF(H24<=3,"Tramo 2",IF(H24<=5,"Tramo 3","Tramo 4")))) -> Tramo 4 | J24: Titulado | L24: christelgabrielamamanivargas@gmail.com | M24: 984378430 | O24: Sin información | P24: =IF(OR(O24="",O24="Sin información"),"",IFERROR(INDEX(Listas!$B$2:$B$9,MATCH(O24,Listas!$A$2:$A$9,0)),"")) | Q24: =IF(OR(O24="",O24="Sin información"),"",IFERROR(INDEX(Listas!$C$2:$C$9,MATCH(O24,Listas!$A$2:$A$9,0)),"")) | T24: =IF(S24="","",IFERROR(INDEX(Empleadores!$B$2:$B$601,MATCH(S24,Empleadores!$A$2:$A$601,0)),"No encontrado")) | U24: =IF(C24="","",IF(V24="","No",IF(Config!$C$4-V24<=Config!$C$15,"Sí","No"))) -> No
A25: 24 | B25: 010101161I | C25: MAR VALER CARLOS | D25: M | E25: Cusco | F25: 2017-II | G25: 43137 | H25: =IF(G25="","",ROUND((Config!$C$4-G25)/365.25,2)) -> 8.65 | I25: =IF(H25="","",IF(H25<=1,"Tramo 1",IF(H25<=3,"Tramo 2",IF(H25<=5,"Tramo 3","Tramo 4")))) -> Tramo 4 | J25: Titulado | L25: calitos199@hotmail.com | M25: 969146031 | O25: Sin información | P25: =IF(OR(O25="",O25="Sin información"),"",IFERROR(INDEX(Listas!$B$2:$B$9,MATCH(O25,Listas!$A$2:$A$9,0)),"")) | Q25: =IF(OR(O25="",O25="Sin información"),"",IFERROR(INDEX(Listas!$C$2:$C$9,MATCH(O25,Listas!$A$2:$A$9,0)),"")) | T25: =IF(S25="","",IFERROR(INDEX(Empleadores!$B$2:$B$601,MATCH(S25,Empleadores!$A$2:$A$601,0)),"No encontrado")) | U25: =IF(C25="","",IF(V25="","No",IF(Config!$C$4-V25<=Config!$C$15,"Sí","No"))) -> No
A26: 25 | B26: 010200063E | C26: MARQUEZ GAMARRA INDHIRA LUCY | D26: F | E26: Cusco | F26: 2017-II | G26: 43137 | H26: =IF(G26="","",ROUND((Config!$C$4-G26)/365.25,2)) -> 8.65 | I26: =IF(H26="","",IF(H26<=1,"Tramo 1",IF(H26<=3,"Tramo 2",IF(H26<=5,"Tramo 3","Tramo 4")))) -> Tramo 4 | J26: Titulado | L26: indhiralucy@gmail.com | M26: 972251100 | O26: Sin información | P26: =IF(OR(O26="",O26="Sin información"),"",IFERROR(INDEX(Listas!$B$2:$B$9,MATCH(O26,Listas!$A$2:$A$9,0)),"")) | Q26: =IF(OR(O26="",O26="Sin información"),"",IFERROR(INDEX(Listas!$C$2:$C$9,MATCH(O26,Listas!$A$2:$A$9,0)),"")) | T26: =IF(S26="","",IFERROR(INDEX(Empleadores!$B$2:$B$601,MATCH(S26,Empleadores!$A$2:$A$601,0)),"No encontrado")) | U26: =IF(C26="","",IF(V26="","No",IF(Config!$C$4-V26<=Config!$C$15,"Sí","No"))) -> No
A27: 26 | B27: 010101165D | C27: OBANDO GAMARRA MIRYAM LISSETH | D27: F | E27: Cusco | F27: 2017-II | G27: 43137 | H27: =IF(G27="","",ROUND((Config!$C$4-G27)/365.25,2)) -> 8.65 | I27: =IF(H27="","",IF(H27<=1,"Tramo 1",IF(H27<=3,"Tramo 2",IF(H27<=5,"Tramo 3","Tramo 4")))) -> Tramo 4 | J27: Titulado | L27: mirylissyo@hotmail.com | M27: 976342775 | O27: Sin información | P27: =IF(OR(O27="",O27="Sin información"),"",IFERROR(INDEX(Listas!$B$2:$B$9,MATCH(O27,Listas!$A$2:$A$9,0)),"")) | Q27: =IF(OR(O27="",O27="Sin información"),"",IFERROR(INDEX(Listas!$C$2:$C$9,MATCH(O27,Listas!$A$2:$A$9,0)),"")) | T27: =IF(S27="","",IFERROR(INDEX(Empleadores!$B$2:$B$601,MATCH(S27,Empleadores!$A$2:$A$601,0)),"No encontrado")) | U27: =IF(C27="","",IF(V27="","No",IF(Config!$C$4-V27<=Config!$C$15,"Sí","No"))) -> No
A28: 27 | B28: 011300770D | C28: ORELLANA ARAUJO KIPLING | D28: M | E28: Cusco | F28: 2017-II | G28: 43137 | H28: =IF(G28="","",ROUND((Config!$C$4-G28)/365.25,2)) -> 8.65 | I28: =IF(H28="","",IF(H28<=1,"Tramo 1",IF(H28<=3,"Tramo 2",IF(H28<=5,"Tramo 3","Tramo 4")))) -> Tramo 4 | J28: Bachiller | L28: koangmh@gmail.com | O28: Sin información | P28: =IF(OR(O28="",O28="Sin información"),"",IFERROR(INDEX(Listas!$B$2:$B$9,MATCH(O28,Listas!$A$2:$A$9,0)),"")) | Q28: =IF(OR(O28="",O28="Sin información"),"",IFERROR(INDEX(Listas!$C$2:$C$9,MATCH(O28,Listas!$A$2:$A$9,0)),"")) | T28: =IF(S28="","",IFERROR(INDEX(Empleadores!$B$2:$B$601,MATCH(S28,Empleadores!$A$2:$A$601,0)),"No encontrado")) | U28: =IF(C28="","",IF(V28="","No",IF(Config!$C$4-V28<=Config!$C$15,"Sí","No"))) -> No
A29: 28 | B29: 010200066D | C29: ORTIZ DE ORUE JURO ALLISON ISABEL | D29: F | E29: Cusco | F29: 2017-II | G29: 43137 | H29: =IF(G29="","",ROUND((Config!$C$4-G29)/365.25,2)) -> 8.65 | I29: =IF(H29="","",IF(H29<=1,"Tramo 1",IF(H29<=3,"Tramo 2",IF(H29<=5,"Tramo 3","Tramo 4")))) -> Tramo 4 | J29: Titulado | L29: allibela.ortizdeorue@gmail.com | M29: 984158092 | O29: Sin información | P29: =IF(OR(O29="",O29="Sin información"),"",IFERROR(INDEX(Listas!$B$2:$B$9,MATCH(O29,Listas!$A$2:$A$9,0)),"")) | Q29: =IF(OR(O29="",O29="Sin información"),"",IFERROR(INDEX(Listas!$C$2:$C$9,MATCH(O29,Listas!$A$2:$A$9,0)),"")) | T29: =IF(S29="","",IFERROR(INDEX(Empleadores!$B$2:$B$601,MATCH(S29,Empleadores!$A$2:$A$601,0)),"No encontrado")) | U29: =IF(C29="","",IF(V29="","No",IF(Config!$C$4-V29<=Config!$C$15,"Sí","No"))) -> No
A30: 29 | B30: 010200068G | C30: PAREDES LAZARO MARYSHEILY | D30: F | E30: Cusco | F30: 2017-II | G30: 43137 | H30: =IF(G30="","",ROUND((Config!$C$4-G30)/365.25,2)) -> 8.65 | I30: =IF(H30="","",IF(H30<=1,"Tramo 1",IF(H30<=3,"Tramo 2",IF(H30<=5,"Tramo 3","Tramo 4")))) -> Tramo 4 | J30: Titulado | L30: MARYSHEILYPAREDESLAZARO@GMAIL.COM | M30: 929016288 | O30: Sin información | P30: =IF(OR(O30="",O30="Sin información"),"",IFERROR(INDEX(Listas!$B$2:$B$9,MATCH(O30,Listas!$A$2:$A$9,0)),"")) | Q30: =IF(OR(O30="",O30="Sin información"),"",IFERROR(INDEX(Listas!$C$2:$C$9,MATCH(O30,Listas!$A$2:$A$9,0)),"")) | T30: =IF(S30="","",IFERROR(INDEX(Empleadores!$B$2:$B$601,MATCH(S30,Empleadores!$A$2:$A$601,0)),"No encontrado")) | U30: =IF(C30="","",IF(V30="","No",IF(Config!$C$4-V30<=Config!$C$15,"Sí","No"))) -> No
A31: 30 | B31: 010101169J | C31: PEREIRA VICTORIO KEVIN AUGUSTINE | D31: M | E31: Cusco | F31: 2017-II | G31: 43137 | H31: =IF(G31="","",ROUND((Config!$C$4-G31)/365.25,2)) -> 8.65 | I31: =IF(H31="","",IF(H31<=1,"Tramo 1",IF(H31<=3,"Tramo 2",IF(H31<=5,"Tramo 3","Tramo 4")))) -> Tramo 4 | J31: Titulado | L31: kevin.pereira.victorio@gmail.com | M31: 979711799 | O31: Sin información | P31: =IF(OR(O31="",O31="Sin información"),"",IFERROR(INDEX(Listas!$B$2:$B$9,MATCH(O31,Listas!$A$2:$A$9,0)),"")) | Q31: =IF(OR(O31="",O31="Sin información"),"",IFERROR(INDEX(Listas!$C$2:$C$9,MATCH(O31,Listas!$A$2:$A$9,0)),"")) | T31: =IF(S31="","",IFERROR(INDEX(Empleadores!$B$2:$B$601,MATCH(S31,Empleadores!$A$2:$A$601,0)),"No encontrado")) | U31: =IF(C31="","",IF(V31="","No",IF(Config!$C$4-V31<=Config!$C$15,"Sí","No"))) -> No
A32: 31 | B32: 010200069C | C32: PEREZ QUISPE ANA RUBI | D32: F | E32: Cusco | F32: 2017-II | G32: 43137 | H32: =IF(G32="","",ROUND((Config!$C$4-G32)/365.25,2)) -> 8.65 | I32: =IF(H32="","",IF(H32<=1,"Tramo 1",IF(H32<=3,"Tramo 2",IF(H32<=5,"Tramo 3","Tramo 4")))) -> Tramo 4 | J32: Titulado | L32: anarubip@gmail.com | M32: 982518282 | O32: Sin información | P32: =IF(OR(O32="",O32="Sin información"),"",IFERROR(INDEX(Listas!$B$2:$B$9,MATCH(O32,Listas!$A$2:$A$9,0)),"")) | Q32: =IF(OR(O32="",O32="Sin información"),"",IFERROR(INDEX(Listas!$C$2:$C$9,MATCH(O32,Listas!$A$2:$A$9,0)),"")) | T32: =IF(S32="","",IFERROR(INDEX(Empleadores!$B$2:$B$601,MATCH(S32,Empleadores!$A$2:$A$601,0)),"No encontrado")) | U32: =IF(C32="","",IF(V32="","No",IF(Config!$C$4-V32<=Config!$C$15,"Sí","No"))) -> No
A33: 32 | B33: 010200071H | C33: PUMA SUSANO JOSE LUIS | D33: M | E33: Cusco | F33: 2017-II | G33: 43137 | H33: =IF(G33="","",ROUND((Config!$C$4-G33)/365.25,2)) -> 8.65 | I33: =IF(H33="","",IF(H33<=1,"Tramo 1",IF(H33<=3,"Tramo 2",IF(H33<=5,"Tramo 3","Tramo 4")))) -> Tramo 4 | J33: Titulado | L33: luisino_luis@hotmail.com | M33: 950313949 | O33: Sin información | P33: =IF(OR(O33="",O33="Sin información"),"",IFERROR(INDEX(Listas!$B$2:$B$9,MATCH(O33,Listas!$A$2:$A$9,0)),"")) | Q33: =IF(OR(O33="",O33="Sin información"),"",IFERROR(INDEX(Listas!$C$2:$C$9,MATCH(O33,Listas!$A$2:$A$9,0)),"")) | T33: =IF(S33="","",IFERROR(INDEX(Empleadores!$B$2:$B$601,MATCH(S33,Empleadores!$A$2:$A$601,0)),"No encontrado")) | U33: =IF(C33="","",IF(V33="","No",IF(Config!$C$4-V33<=Config!$C$15,"Sí","No"))) -> No
A34: 33 | B34: 010101173G | C34: QUIROGA QUISPE KATHERINE | D34: F | E34: Cusco | F34: 2017-II | G34: 43137 | H34: =IF(G34="","",ROUND((Config!$C$4-G34)/365.25,2)) -> 8.65 | I34: =IF(H34="","",IF(H34<=1,"Tramo 1",IF(H34<=3,"Tramo 2",IF(H34<=5,"Tramo 3","Tramo 4")))) -> Tramo 4 | J34: Titulado | L34: KATHQQ_5@HOTMAIL.COM | M34: 967741192 | O34: Asistencial | P34: =IF(OR(O34="",O34="Sin información"),"",IFERROR(INDEX(Listas!$B$2:$B$9,MATCH(O34,Listas!$A$2:$A$9,0)),"")) -> Sí | Q34: =IF(OR(O34="",O34="Sin información"),"",IFERROR(INDEX(Listas!$C$2:$C$9,MATCH(O34,Listas!$A$2:$A$9,0)),"")) -> Sí | S34: EMP-001 | T34: =IF(S34="","",IFERROR(INDEX(Empleadores!$B$2:$B$601,MATCH(S34,Empleadores!$A$2:$A$601,0)),"No encontrado")) -> Hospital Regional del Cusco | U34: =IF(C34="","",IF(V34="","No",IF(Config!$C$4-V34<=Config!$C$15,"Sí","No"))) -> Sí | V34: 45972 | Y34: Sí | Z34: Marcó 'Otros' en el Encuentro: verificar si es residentado | AB34: I Encuentro de Egresados
A35: 34 | B35: 010101175J | C35: QUISPE ORIHUELA LIZBETH | D35: F | E35: Cusco | F35: 2017-II | G35: 43137 | H35: =IF(G35="","",ROUND((Config!$C$4-G35)/365.25,2)) -> 8.65 | I35: =IF(H35="","",IF(H35<=1,"Tramo 1",IF(H35<=3,"Tramo 2",IF(H35<=5,"Tramo 3","Tramo 4")))) -> Tramo 4 | J35: Titulado | L35: lizonet@hotmail.com | M35: 966741836 | O35: Asistencial | P35: =IF(OR(O35="",O35="Sin información"),"",IFERROR(INDEX(Listas!$B$2:$B$9,MATCH(O35,Listas!$A$2:$A$9,0)),"")) -> Sí | Q35: =IF(OR(O35="",O35="Sin información"),"",IFERROR(INDEX(Listas!$C$2:$C$9,MATCH(O35,Listas!$A$2:$A$9,0)),"")) -> Sí | S35: EMP-022 | T35: =IF(S35="","",IFERROR(INDEX(Empleadores!$B$2:$B$601,MATCH(S35,Empleadores!$A$2:$A$601,0)),"No encontrado")) -> Clínica SOS | U35: =IF(C35="","",IF(V35="","No",IF(Config!$C$4-V35<=Config!$C$15,"Sí","No"))) -> Sí | V35: 45974 | Y35: Sí | AB35: I Encuentro de Egresados
A36: 35 | B36: 010101178I | C36: ROBLES MENDOZA CRISBETH MADISON | D36: F | E36: Cusco | F36: 2017-II | G36: 43137 | H36: =IF(G36="","",ROUND((Config!$C$4-G36)/365.25,2)) -> 8.65 | I36: =IF(H36="","",IF(H36<=1,"Tramo 1",IF(H36<=3,"Tramo 2",IF(H36<=5,"Tramo 3","Tramo 4")))) -> Tramo 4 | J36: Titulado | L36: crisbethmadison@hotmail.com | M36: 955717172 | O36: Sin información | P36: =IF(OR(O36="",O36="Sin información"),"",IFERROR(INDEX(Listas!$B$2:$B$9,MATCH(O36,Listas!$A$2:$A$9,0)),"")) | Q36: =IF(OR(O36="",O36="Sin información"),"",IFERROR(INDEX(Listas!$C$2:$C$9,MATCH(O36,Listas!$A$2:$A$9,0)),"")) | T36: =IF(S36="","",IFERROR(INDEX(Empleadores!$B$2:$B$601,MATCH(S36,Empleadores!$A$2:$A$601,0)),"No encontrado")) | U36: =IF(C36="","",IF(V36="","No",IF(Config!$C$4-V36<=Config!$C$15,"Sí","No"))) -> No
A37: 36 | B37: 010200072D | C37: RODRIGUEZ HUAMAN LUZ MILAGROS | D37: F | E37: Cusco | F37: 2017-II | G37: 43137 | H37: =IF(G37="","",ROUND((Config!$C$4-G37)/365.25,2)) -> 8.65 | I37: =IF(H37="","",IF(H37<=1,"Tramo 1",IF(H37<=3,"Tramo 2",IF(H37<=5,"Tramo 3","Tramo 4")))) -> Tramo 4 | J37: Titulado | L37: xluzx@outlook.es | M37: 987880314 | O37: Sin información | P37: =IF(OR(O37="",O37="Sin información"),"",IFERROR(INDEX(Listas!$B$2:$B$9,MATCH(O37,Listas!$A$2:$A$9,0)),"")) | Q37: =IF(OR(O37="",O37="Sin información"),"",IFERROR(INDEX(Listas!$C$2:$C$9,MATCH(O37,Listas!$A$2:$A$9,0)),"")) | T37: =IF(S37="","",IFERROR(INDEX(Empleadores!$B$2:$B$601,MATCH(S37,Empleadores!$A$2:$A$601,0)),"No encontrado")) | U37: =IF(C37="","",IF(V37="","No",IF(Config!$C$4-V37<=Config!$C$15,"Sí","No"))) -> No
A38: 37 | B38: 011100459C | C38: SOLIS LLAVILLA JANETH MIRIAM | D38: F | E38: Cusco | F38: 2017-II | G38: 43137 | H38: =IF(G38="","",ROUND((Config!$C$4-G38)/365.25,2)) -> 8.65 | I38: =IF(H38="","",IF(H38<=1,"Tramo 1",IF(H38<=3,"Tramo 2",IF(H38<=5,"Tramo 3","Tramo 4")))) -> Tramo 4 | J38: Titulado | L38: janeth_17ms@hotmail.com | M38: 974339700 | O38: Asistencial | P38: =IF(OR(O38="",O38="Sin información"),"",IFERROR(INDEX(Listas!$B$2:$B$9,MATCH(O38,Listas!$A$2:$A$9,0)),"")) -> Sí | Q38: =IF(OR(O38="",O38="Sin información"),"",IFERROR(INDEX(Listas!$C$2:$C$9,MATCH(O38,Listas!$A$2:$A$9,0)),"")) -> Sí | S38: EMP-027 | T38: =IF(S38="","",IFERROR(INDEX(Empleadores!$B$2:$B$601,MATCH(S38,Empleadores!$A$2:$A$601,0)),"No encontrado")) -> Hospital Nacional PNP Luis N. Sáenz | U38: =IF(C38="","",IF(V38="","No",IF(Config!$C$4-V38<=Config!$C$15,"Sí","No"))) -> Sí | V38: 45971 | Y38: Sí | Z38: Marcó 'Otros' en el Encuentro: verificar si es residentado | AB38: I Encuentro de Egresados
A39: 38 | B39: 010101181J | C39: SUTTA VISA MARIBEL | D39: F | E39: Cusco | F39: 2017-II | G39: 43137 | H39: =IF(G39="","",ROUND((Config!$C$4-G39)/365.25,2)) -> 8.65 | I39: =IF(H39="","",IF(H39<=1,"Tramo 1",IF(H39<=3,"Tramo 2",IF(H39<=5,"Tramo 3","Tramo 4")))) -> Tramo 4 | J39: Titulado | L39: maisa3618@hotmail.com | M39: 980998091 | O39: Sin información | P39: =IF(OR(O39="",O39="Sin información"),"",IFERROR(INDEX(Listas!$B$2:$B$9,MATCH(O39,Listas!$A$2:$A$9,0)),"")) | Q39: =IF(OR(O39="",O39="Sin información"),"",IFERROR(INDEX(Listas!$C$2:$C$9,MATCH(O39,Listas!$A$2:$A$9,0)),"")) | T39: =IF(S39="","",IFERROR(INDEX(Empleadores!$B$2:$B$601,MATCH(S39,Empleadores!$A$2:$A$601,0)),"No encontrado")) | U39: =IF(C39="","",IF(V39="","No",IF(Config!$C$4-V39<=Config!$C$15,"Sí","No"))) -> No
A40: 39 | B40: 010101182F | C40: TRUJILLO HANCCO DEYSI IVONNE | D40: F | E40: Cusco | F40: 2017-II | G40: 43137 | H40: =IF(G40="","",ROUND((Config!$C$4-G40)/365.25,2)) -> 8.65 | I40: =IF(H40="","",IF(H40<=1,"Tramo 1",IF(H40<=3,"Tramo 2",IF(H40<=5,"Tramo 3","Tramo 4")))) -> Tramo 4 | J40: Titulado | L40: divonneth@hotmail.com | M40: 958605054 | O40: Asistencial | P40: =IF(OR(O40="",O40="Sin información"),"",IFERROR(INDEX(Listas!$B$2:$B$9,MATCH(O40,Listas!$A$2:$A$9,0)),"")) -> Sí | Q40: =IF(OR(O40="",O40="Sin información"),"",IFERROR(INDEX(Listas!$C$2:$C$9,MATCH(O40,Listas!$A$2:$A$9,0)),"")) -> Sí | S40: EMP-006 | T40: =IF(S40="","",IFERROR(INDEX(Empleadores!$B$2:$B$601,MATCH(S40,Empleadores!$A$2:$A$601,0)),"No encontrado")) -> Hospital Nacional Adolfo Guevara Velasco | U40: =IF(C40="","",IF(V40="","No",IF(Config!$C$4-V40<=Config!$C$15,"Sí","No"))) -> Sí | V40: 45969 | Y40: Sí | AB40: I Encuentro de Egresados
A41: 40 | B41: 010200078B | C41: URBINA OROSCO DIRCE MILAGROS | D41: F | E41: Cusco | F41: 2017-II | G41: 43137 | H41: =IF(G41="","",ROUND((Config!$C$4-G41)/365.25,2)) -> 8.65 | I41: =IF(H41="","",IF(H41<=1,"Tramo 1",IF(H41<=3,"Tramo 2",IF(H41<=5,"Tramo 3","Tramo 4")))) -> Tramo 4 | J41: Titulado | L41: urbinaorosco@outlook.es | M41: 951168666 | O41: Sin información | P41: =IF(OR(O41="",O41="Sin información"),"",IFERROR(INDEX(Listas!$B$2:$B$9,MATCH(O41,Listas!$A$2:$A$9,0)),"")) | Q41: =IF(OR(O41="",O41="Sin información"),"",IFERROR(INDEX(Listas!$C$2:$C$9,MATCH(O41,Listas!$A$2:$A$9,0)),"")) | T41: =IF(S41="","",IFERROR(INDEX(Empleadores!$B$2:$B$601,MATCH(S41,Empleadores!$A$2:$A$601,0)),"No encontrado")) | U41: =IF(C41="","",IF(V41="","No",IF(Config!$C$4-V41<=Config!$C$15,"Sí","No"))) -> No
A42: 41 | B42: 010200081C | C42: VARGAS CCAHUANTICO LISSET MAYRA | D42: F | E42: Cusco | F42: 2017-II | G42: 43137 | H42: =IF(G42="","",ROUND((Config!$C$4-G42)/365.25,2)) -> 8.65 | I42: =IF(H42="","",IF(H42<=1,"Tramo 1",IF(H42<=3,"Tramo 2",IF(H42<=5,"Tramo 3","Tramo 4")))) -> Tramo 4 | J42: Titulado | L42: lisset201625@gmail.com | M42: 992767583 | O42: Sin información | P42: =IF(OR(O42="",O42="Sin información"),"",IFERROR(INDEX(Listas!$B$2:$B$9,MATCH(O42,Listas!$A$2:$A$9,0)),"")) | Q42: =IF(OR(O42="",O42="Sin información"),"",IFERROR(INDEX(Listas!$C$2:$C$9,MATCH(O42,Listas!$A$2:$A$9,0)),"")) | T42: =IF(S42="","",IFERROR(INDEX(Empleadores!$B$2:$B$601,MATCH(S42,Empleadores!$A$2:$A$601,0)),"No encontrado")) | U42: =IF(C42="","",IF(V42="","No",IF(Config!$C$4-V42<=Config!$C$15,"Sí","No"))) -> No
A43: 42 | B43: 010200083F | C43: VASQUEZ CABALLERO DEISSY ALINA | D43: F | E43: Cusco | F43: 2017-II | G43: 43137 | H43: =IF(G43="","",ROUND((Config!$C$4-G43)/365.25,2)) -> 8.65 | I43: =IF(H43="","",IF(H43<=1,"Tramo 1",IF(H43<=3,"Tramo 2",IF(H43<=5,"Tramo 3","Tramo 4")))) -> Tramo 4 | J43: Titulado | L43: dey_ali@hotmail.com | M43: 997433099 | O43: Sin información | P43: =IF(OR(O43="",O43="Sin información"),"",IFERROR(INDEX(Listas!$B$2:$B$9,MATCH(O43,Listas!$A$2:$A$9,0)),"")) | Q43: =IF(OR(O43="",O43="Sin información"),"",IFERROR(INDEX(Listas!$C$2:$C$9,MATCH(O43,Listas!$A$2:$A$9,0)),"")) | T43: =IF(S43="","",IFERROR(INDEX(Empleadores!$B$2:$B$601,MATCH(S43,Empleadores!$A$2:$A$601,0)),"No encontrado")) | U43: =IF(C43="","",IF(V43="","No",IF(Config!$C$4-V43<=Config!$C$15,"Sí","No"))) -> No
A44: 43 | B44: 010200087A | C44: VITORINO GRAJEDA CRISTIAN | D44: M | E44: Cusco | F44: 2017-II | G44: 43137 | H44: =IF(G44="","",ROUND((Config!$C$4-G44)/365.25,2)) -> 8.65 | I44: =IF(H44="","",IF(H44<=1,"Tramo 1",IF(H44<=3,"Tramo 2",IF(H44<=5,"Tramo 3","Tramo 4")))) -> Tramo 4 | J44: Titulado | L44: cristianvitorino1@gmail.com | M44: 963354633 | O44: Asistencial | P44: =IF(OR(O44="",O44="Sin información"),"",IFERROR(INDEX(Listas!$B$2:$B$9,MATCH(O44,Listas!$A$2:$A$9,0)),"")) -> Sí | Q44: =IF(OR(O44="",O44="Sin información"),"",IFERROR(INDEX(Listas!$C$2:$C$9,MATCH(O44,Listas!$A$2:$A$9,0)),"")) -> Sí | S44: EMP-005 | T44: =IF(S44="","",IFERROR(INDEX(Empleadores!$B$2:$B$601,MATCH(S44,Empleadores!$A$2:$A$601,0)),"No encontrado")) -> Hospital Antonio Lorena | U44: =IF(C44="","",IF(V44="","No",IF(Config!$C$4-V44<=Config!$C$15,"Sí","No"))) -> Sí | V44: 45971 | Y44: Sí | AB44: I Encuentro de Egresados
A45: 44 | B45: 011100469I | C45: VIVANCO CCAHUANA BRIGITTE ELISA | D45: F | E45: Cusco | F45: 2017-II | G45: 43137 | H45: =IF(G45="","",ROUND((Config!$C$4-G45)/365.25,2)) -> 8.65 | I45: =IF(H45="","",IF(H45<=1,"Tramo 1",IF(H45<=3,"Tramo 2",IF(H45<=5,"Tramo 3","Tramo 4")))) -> Tramo 4 | J45: Titulado | L45: brigitte00168@gmail.com | M45: 974501773 | O45: Sin información | P45: =IF(OR(O45="",O45="Sin información"),"",IFERROR(INDEX(Listas!$B$2:$B$9,MATCH(O45,Listas!$A$2:$A$9,0)),"")) | Q45: =IF(OR(O45="",O45="Sin información"),"",IFERROR(INDEX(Listas!$C$2:$C$9,MATCH(O45,Listas!$A$2:$A$9,0)),"")) | T45: =IF(S45="","",IFERROR(INDEX(Empleadores!$B$2:$B$601,MATCH(S45,Empleadores!$A$2:$A$601,0)),"No encontrado")) | U45: =IF(C45="","",IF(V45="","No",IF(Config!$C$4-V45<=Config!$C$15,"Sí","No"))) -> No
A46: 45 | B46: 010200088H | C46: VIZCARRA VARGAS MONICA ESPERANZA | D46: F | E46: Cusco | F46: 2017-II | G46: 43137 | H46: =IF(G46="","",ROUND((Config!$C$4-G46)/365.25,2)) -> 8.65 | I46: =IF(H46="","",IF(H46<=1,"Tramo 1",IF(H46<=3,"Tramo 2",IF(H46<=5,"Tramo 3","Tramo 4")))) -> Tramo 4 | J46: Titulado | L46: monicavizcarra47@gmail.com | M46: 940188941 | O46: Sin información | P46: =IF(OR(O46="",O46="Sin información"),"",IFERROR(INDEX(Listas!$B$2:$B$9,MATCH(O46,Listas!$A$2:$A$9,0)),"")) | Q46: =IF(OR(O46="",O46="Sin información"),"",IFERROR(INDEX(Listas!$C$2:$C$9,MATCH(O46,Listas!$A$2:$A$9,0)),"")) | T46: =IF(S46="","",IFERROR(INDEX(Empleadores!$B$2:$B$601,MATCH(S46,Empleadores!$A$2:$A$601,0)),"No encontrado")) | U46: =IF(C46="","",IF(V46="","No",IF(Config!$C$4-V46<=Config!$C$15,"Sí","No"))) -> No
A47: 46 | B47: 011100470G | C47: WIESSE PAREJA JUVENAL FABRICIO | D47: M | E47: Cusco | F47: 2017-II | G47: 43137 | H47: =IF(G47="","",ROUND((Config!$C$4-G47)/365.25,2)) -> 8.65 | I47: =IF(H47="","",IF(H47<=1,"Tramo 1",IF(H47<=3,"Tramo 2",IF(H47<=5,"Tramo 3","Tramo 4")))) -> Tramo 4 | J47: Titulado | L47: FACHO_WIESSE@HOTMAIL.COM | M47: 950862077 | O47: Sin información | P47: =IF(OR(O47="",O47="Sin información"),"",IFERROR(INDEX(Listas!$B$2:$B$9,MATCH(O47,Listas!$A$2:$A$9,0)),"")) | Q47: =IF(OR(O47="",O47="Sin información"),"",IFERROR(INDEX(Listas!$C$2:$C$9,MATCH(O47,Listas!$A$2:$A$9,0)),"")) | T47: =IF(S47="","",IFERROR(INDEX(Empleadores!$B$2:$B$601,MATCH(S47,Empleadores!$A$2:$A$601,0)),"No encontrado")) | U47: =IF(C47="","",IF(V47="","No",IF(Config!$C$4-V47<=Config!$C$15,"Sí","No"))) -> No
A48: 47 | B48: 011200649I | C48: ACURIO BASHUALDO BERTHZE LUCERO | D48: F | E48: Cusco | F48: 2018-II | G48: 43502 | H48: =IF(G48="","",ROUND((Config!$C$4-G48)/365.25,2)) -> 7.65 | I48: =IF(H48="","",IF(H48<=1,"Tramo 1",IF(H48<=3,"Tramo 2",IF(H48<=5,"Tramo 3","Tramo 4")))) -> Tramo 4 | J48: Titulado | L48: berthzelu0@gmail.com | M48: 952497632 | O48: Sin información | P48: =IF(OR(O48="",O48="Sin información"),"",IFERROR(INDEX(Listas!$B$2:$B$9,MATCH(O48,Listas!$A$2:$A$9,0)),"")) | Q48: =IF(OR(O48="",O48="Sin información"),"",IFERROR(INDEX(Listas!$C$2:$C$9,MATCH(O48,Listas!$A$2:$A$9,0)),"")) | T48: =IF(S48="","",IFERROR(INDEX(Empleadores!$B$2:$B$601,MATCH(S48,Empleadores!$A$2:$A$601,0)),"No encontrado")) | U48: =IF(C48="","",IF(V48="","No",IF(Config!$C$4-V48<=Config!$C$15,"Sí","No"))) -> No
A49: 48 | B49: 012200801D | C49: BACA CALDERON IDANIA | D49: F | E49: Cusco | F49: 2018-II | G49: 43502 | H49: =IF(G49="","",ROUND((Config!$C$4-G49)/365.25,2)) -> 7.65 | I49: =IF(H49="","",IF(H49<=1,"Tramo 1",IF(H49<=3,"Tramo 2",IF(H49<=5,"Tramo 3","Tramo 4")))) -> Tramo 4 | J49: Titulado | L49: idalmed2012@gmail.com | M49: 953277633 | O49: Sin información | P49: =IF(OR(O49="",O49="Sin información"),"",IFERROR(INDEX(Listas!$B$2:$B$9,MATCH(O49,Listas!$A$2:$A$9,0)),"")) | Q49: =IF(OR(O49="",O49="Sin información"),"",IFERROR(INDEX(Listas!$C$2:$C$9,MATCH(O49,Listas!$A$2:$A$9,0)),"")) | T49: =IF(S49="","",IFERROR(INDEX(Empleadores!$B$2:$B$601,MATCH(S49,Empleadores!$A$2:$A$601,0)),"No encontrado")) | U49: =IF(C49="","",IF(V49="","No",IF(Config!$C$4-V49<=Config!$C$15,"Sí","No"))) -> No
A50: 49 | B50: 011300732E | C50: CALVO ARAGON JONATHAN | D50: M | E50: Cusco | F50: 2018-II | G50: 43502 | H50: =IF(G50="","",ROUND((Config!$C$4-G50)/365.25,2)) -> 7.65 | I50: =IF(H50="","",IF(H50<=1,"Tramo 1",IF(H50<=3,"Tramo 2",IF(H50<=5,"Tramo 3","Tramo 4")))) -> Tramo 4 | J50: Titulado | L50: calvojonathan276@gmail.com | M50: 999560107 | O50: Sin información | P50: =IF(OR(O50="",O50="Sin información"),"",IFERROR(INDEX(Listas!$B$2:$B$9,MATCH(O50,Listas!$A$2:$A$9,0)),"")) | Q50: =IF(OR(O50="",O50="Sin información"),"",IFERROR(INDEX(Listas!$C$2:$C$9,MATCH(O50,Listas!$A$2:$A$9,0)),"")) | T50: =IF(S50="","",IFERROR(INDEX(Empleadores!$B$2:$B$601,MATCH(S50,Empleadores!$A$2:$A$601,0)),"No encontrado")) | U50: =IF(C50="","",IF(V50="","No",IF(Config!$C$4-V50<=Config!$C$15,"Sí","No"))) -> No
A51: 50 | B51: 010200053J | C51: CONTRERAS UMPIRE JULIO CESAR | D51: M | E51: Cusco | F51: 2018-II | G51: 43502 | H51: =IF(G51="","",ROUND((Config!$C$4-G51)/365.25,2)) -> 7.65 | I51: =IF(H51="","",IF(H51<=1,"Tramo 1",IF(H51<=3,"Tramo 2",IF(H51<=5,"Tramo 3","Tramo 4")))) -> Tramo 4 | J51: Titulado | L51: juliocontreras1027@hotmail.com | M51: 984672021 | O51: Sin información | P51: =IF(OR(O51="",O51="Sin información"),"",IFERROR(INDEX(Listas!$B$2:$B$9,MATCH(O51,Listas!$A$2:$A$9,0)),"")) | Q51: =IF(OR(O51="",O51="Sin información"),"",IFERROR(INDEX(Listas!$C$2:$C$9,MATCH(O51,Listas!$A$2:$A$9,0)),"")) | T51: =IF(S51="","",IFERROR(INDEX(Empleadores!$B$2:$B$601,MATCH(S51,Empleadores!$A$2:$A$601,0)),"No encontrado")) | U51: =IF(C51="","",IF(V51="","No",IF(Config!$C$4-V51<=Config!$C$15,"Sí","No"))) -> No
A52: 51 | B52: 011300729D | C52: DURAND QUISPE MIJAIL WILLY | D52: M | E52: Cusco | F52: 2018-II | G52: 43502 | H52: =IF(G52="","",ROUND((Config!$C$4-G52)/365.25,2)) -> 7.65 | I52: =IF(H52="","",IF(H52<=1,"Tramo 1",IF(H52<=3,"Tramo 2",IF(H52<=5,"Tramo 3","Tramo 4")))) -> Tramo 4 | J52: Titulado | L52: mwdq2010@gmail.com | M52: 956746233 | O52: Asistencial | P52: =IF(OR(O52="",O52="Sin información"),"",IFERROR(INDEX(Listas!$B$2:$B$9,MATCH(O52,Listas!$A$2:$A$9,0)),"")) -> Sí | Q52: =IF(OR(O52="",O52="Sin información"),"",IFERROR(INDEX(Listas!$C$2:$C$9,MATCH(O52,Listas!$A$2:$A$9,0)),"")) -> Sí | S52: EMP-023 | T52: =IF(S52="","",IFERROR(INDEX(Empleadores!$B$2:$B$601,MATCH(S52,Empleadores!$A$2:$A$601,0)),"No encontrado")) -> Hospital Nacional Alberto Sabogal Sologuren | U52: =IF(C52="","",IF(V52="","No",IF(Config!$C$4-V52<=Config!$C$15,"Sí","No"))) -> Sí | V52: 45974 | Y52: Sí | AB52: I Encuentro de Egresados
A53: 52 | B53: 010200061B | C53: GIBAJA CCONISLLA YURY LEO | D53: M | E53: Cusco | F53: 2018-II | G53: 43502 | H53: =IF(G53="","",ROUND((Config!$C$4-G53)/365.25,2)) -> 7.65 | I53: =IF(H53="","",IF(H53<=1,"Tramo 1",IF(H53<=3,"Tramo 2",IF(H53<=5,"Tramo 3","Tramo 4")))) -> Tramo 4 | J53: Titulado | L53: leo120587@hotmail.com | M53: 993744781 | O53: Sin información | P53: =IF(OR(O53="",O53="Sin información"),"",IFERROR(INDEX(Listas!$B$2:$B$9,MATCH(O53,Listas!$A$2:$A$9,0)),"")) | Q53: =IF(OR(O53="",O53="Sin información"),"",IFERROR(INDEX(Listas!$C$2:$C$9,MATCH(O53,Listas!$A$2:$A$9,0)),"")) | T53: =IF(S53="","",IFERROR(INDEX(Empleadores!$B$2:$B$601,MATCH(S53,Empleadores!$A$2:$A$601,0)),"No encontrado")) | U53: =IF(C53="","",IF(V53="","No",IF(Config!$C$4-V53<=Config!$C$15,"Sí","No"))) -> No
A54: 53 | B54: 011200661I | C54: HUAYLLA SALLO INGRIT LUCERO | D54: F | E54: Cusco | F54: 2018-II | G54: 43502 | H54: =IF(G54="","",ROUND((Config!$C$4-G54)/365.25,2)) -> 7.65 | I54: =IF(H54="","",IF(H54<=1,"Tramo 1",IF(H54<=3,"Tramo 2",IF(H54<=5,"Tramo 3","Tramo 4")))) -> Tramo 4 | J54: Titulado | L54: luhuaylla@gmail.com | M54: 954470181 | O54: Sin información | P54: =IF(OR(O54="",O54="Sin información"),"",IFERROR(INDEX(Listas!$B$2:$B$9,MATCH(O54,Listas!$A$2:$A$9,0)),"")) | Q54: =IF(OR(O54="",O54="Sin información"),"",IFERROR(INDEX(Listas!$C$2:$C$9,MATCH(O54,Listas!$A$2:$A$9,0)),"")) | T54: =IF(S54="","",IFERROR(INDEX(Empleadores!$B$2:$B$601,MATCH(S54,Empleadores!$A$2:$A$601,0)),"No encontrado")) | U54: =IF(C54="","",IF(V54="","No",IF(Config!$C$4-V54<=Config!$C$15,"Sí","No"))) -> No
A55: 54 | B55: 012200783F | C55: LLANCAY MEDINA EDITH SANDRA | D55: F | E55: Cusco | F55: 2018-II | G55: 43502 | H55: =IF(G55="","",ROUND((Config!$C$4-G55)/365.25,2)) -> 7.65 | I55: =IF(H55="","",IF(H55<=1,"Tramo 1",IF(H55<=3,"Tramo 2",IF(H55<=5,"Tramo 3","Tramo 4")))) -> Tramo 4 | J55: Titulado | L55: sandrallm28.slm@gmail.com | M55: 958107714 | O55: Sin información | P55: =IF(OR(O55="",O55="Sin información"),"",IFERROR(INDEX(Listas!$B$2:$B$9,MATCH(O55,Listas!$A$2:$A$9,0)),"")) | Q55: =IF(OR(O55="",O55="Sin información"),"",IFERROR(INDEX(Listas!$C$2:$C$9,MATCH(O55,Listas!$A$2:$A$9,0)),"")) | T55: =IF(S55="","",IFERROR(INDEX(Empleadores!$B$2:$B$601,MATCH(S55,Empleadores!$A$2:$A$601,0)),"No encontrado")) | U55: =IF(C55="","",IF(V55="","No",IF(Config!$C$4-V55<=Config!$C$15,"Sí","No"))) -> No
A56: 55 | B56: 011100442C | C56: LOAIZA DUEÑAS KATHERINE | D56: F | E56: Cusco | F56: 2018-II | G56: 43502 | H56: =IF(G56="","",ROUND((Config!$C$4-G56)/365.25,2)) -> 7.65 | I56: =IF(H56="","",IF(H56<=1,"Tramo 1",IF(H56<=3,"Tramo 2",IF(H56<=5,"Tramo 3","Tramo 4")))) -> Tramo 4 | J56: Titulado | L56: kalodu22@gmail.com | M56: 984350248 | O56: Sin información | P56: =IF(OR(O56="",O56="Sin información"),"",IFERROR(INDEX(Listas!$B$2:$B$9,MATCH(O56,Listas!$A$2:$A$9,0)),"")) | Q56: =IF(OR(O56="",O56="Sin información"),"",IFERROR(INDEX(Listas!$C$2:$C$9,MATCH(O56,Listas!$A$2:$A$9,0)),"")) | T56: =IF(S56="","",IFERROR(INDEX(Empleadores!$B$2:$B$601,MATCH(S56,Empleadores!$A$2:$A$601,0)),"No encontrado")) | U56: =IF(C56="","",IF(V56="","No",IF(Config!$C$4-V56<=Config!$C$15,"Sí","No"))) -> No
A57: 56 | B57: 011200662E | C57: LOAIZA PUGA MICHEL MANFRED | D57: M | E57: Cusco | F57: 2018-II | G57: 43502 | H57: =IF(G57="","",ROUND((Config!$C$4-G57)/365.25,2)) -> 7.65 | I57: =IF(H57="","",IF(H57<=1,"Tramo 1",IF(H57<=3,"Tramo 2",IF(H57<=5,"Tramo 3","Tramo 4")))) -> Tramo 4 | J57: Titulado | L57: mmlp_fb@hotmail.com | M57: 982388822 | O57: Sin información | P57: =IF(OR(O57="",O57="Sin información"),"",IFERROR(INDEX(Listas!$B$2:$B$9,MATCH(O57,Listas!$A$2:$A$9,0)),"")) | Q57: =IF(OR(O57="",O57="Sin información"),"",IFERROR(INDEX(Listas!$C$2:$C$9,MATCH(O57,Listas!$A$2:$A$9,0)),"")) | T57: =IF(S57="","",IFERROR(INDEX(Empleadores!$B$2:$B$601,MATCH(S57,Empleadores!$A$2:$A$601,0)),"No encontrado")) | U57: =IF(C57="","",IF(V57="","No",IF(Config!$C$4-V57<=Config!$C$15,"Sí","No"))) -> No
A58: 57 | B58: 010200062I | C58: LOPEZ ARANZABAL ANGELA MARIELA | D58: F | E58: Cusco | F58: 2018-II | G58: 43502 | H58: =IF(G58="","",ROUND((Config!$C$4-G58)/365.25,2)) -> 7.65 | I58: =IF(H58="","",IF(H58<=1,"Tramo 1",IF(H58<=3,"Tramo 2",IF(H58<=5,"Tramo 3","Tramo 4")))) -> Tramo 4 | J58: Titulado | L58: angelalopezaranzabal@gmail.com | M58: 993784183 | O58: Sin información | P58: =IF(OR(O58="",O58="Sin información"),"",IFERROR(INDEX(Listas!$B$2:$B$9,MATCH(O58,Listas!$A$2:$A$9,0)),"")) | Q58: =IF(OR(O58="",O58="Sin información"),"",IFERROR(INDEX(Listas!$C$2:$C$9,MATCH(O58,Listas!$A$2:$A$9,0)),"")) | T58: =IF(S58="","",IFERROR(INDEX(Empleadores!$B$2:$B$601,MATCH(S58,Empleadores!$A$2:$A$601,0)),"No encontrado")) | U58: =IF(C58="","",IF(V58="","No",IF(Config!$C$4-V58<=Config!$C$15,"Sí","No"))) -> No
A59: 58 | B59: 011300736K | C59: MAMANI FIGUEROA PAUL PALMER | D59: M | E59: Cusco | F59: 2018-II | G59: 43502 | H59: =IF(G59="","",ROUND((Config!$C$4-G59)/365.25,2)) -> 7.65 | I59: =IF(H59="","",IF(H59<=1,"Tramo 1",IF(H59<=3,"Tramo 2",IF(H59<=5,"Tramo 3","Tramo 4")))) -> Tramo 4 | J59: Titulado | L59: paul4062@hotmail.com | M59: 997518273 | O59: Sin información | P59: =IF(OR(O59="",O59="Sin información"),"",IFERROR(INDEX(Listas!$B$2:$B$9,MATCH(O59,Listas!$A$2:$A$9,0)),"")) | Q59: =IF(OR(O59="",O59="Sin información"),"",IFERROR(INDEX(Listas!$C$2:$C$9,MATCH(O59,Listas!$A$2:$A$9,0)),"")) | T59: =IF(S59="","",IFERROR(INDEX(Empleadores!$B$2:$B$601,MATCH(S59,Empleadores!$A$2:$A$601,0)),"No encontrado")) | U59: =IF(C59="","",IF(V59="","No",IF(Config!$C$4-V59<=Config!$C$15,"Sí","No"))) -> No
A60: 59 | B60: 011300727A | C60: MARTINEZ SILVA CHRISTIAN ALONSO | D60: M | E60: Cusco | F60: 2018-II | G60: 43502 | H60: =IF(G60="","",ROUND((Config!$C$4-G60)/365.25,2)) -> 7.65 | I60: =IF(H60="","",IF(H60<=1,"Tramo 1",IF(H60<=3,"Tramo 2",IF(H60<=5,"Tramo 3","Tramo 4")))) -> Tramo 4 | J60: Titulado | L60: christianmartinezsilva98@hotmail.com | M60: 949113573 | O60: Sin información | P60: =IF(OR(O60="",O60="Sin información"),"",IFERROR(INDEX(Listas!$B$2:$B$9,MATCH(O60,Listas!$A$2:$A$9,0)),"")) | Q60: =IF(OR(O60="",O60="Sin información"),"",IFERROR(INDEX(Listas!$C$2:$C$9,MATCH(O60,Listas!$A$2:$A$9,0)),"")) | T60: =IF(S60="","",IFERROR(INDEX(Empleadores!$B$2:$B$601,MATCH(S60,Empleadores!$A$2:$A$601,0)),"No encontrado")) | U60: =IF(C60="","",IF(V60="","No",IF(Config!$C$4-V60<=Config!$C$15,"Sí","No"))) -> No
A61: 60 | B61: 010200065H | C61: MOREANO URIBE ISAAC ANDER | D61: M | E61: Cusco | F61: 2018-II | G61: 43502 | H61: =IF(G61="","",ROUND((Config!$C$4-G61)/365.25,2)) -> 7.65 | I61: =IF(H61="","",IF(H61<=1,"Tramo 1",IF(H61<=3,"Tramo 2",IF(H61<=5,"Tramo 3","Tramo 4")))) -> Tramo 4 | J61: Titulado | L61: 010200065H@uandina.edu.pe | M61: 927292940 | O61: Sin información | P61: =IF(OR(O61="",O61="Sin información"),"",IFERROR(INDEX(Listas!$B$2:$B$9,MATCH(O61,Listas!$A$2:$A$9,0)),"")) | Q61: =IF(OR(O61="",O61="Sin información"),"",IFERROR(INDEX(Listas!$C$2:$C$9,MATCH(O61,Listas!$A$2:$A$9,0)),"")) | T61: =IF(S61="","",IFERROR(INDEX(Empleadores!$B$2:$B$601,MATCH(S61,Empleadores!$A$2:$A$601,0)),"No encontrado")) | U61: =IF(C61="","",IF(V61="","No",IF(Config!$C$4-V61<=Config!$C$15,"Sí","No"))) -> No
A62: 61 | B62: 011200663A | C62: ORCOTORIO QUISPE YERIT OREALIZ | D62: F | E62: Cusco | F62: 2018-II | G62: 43502 | H62: =IF(G62="","",ROUND((Config!$C$4-G62)/365.25,2)) -> 7.65 | I62: =IF(H62="","",IF(H62<=1,"Tramo 1",IF(H62<=3,"Tramo 2",IF(H62<=5,"Tramo 3","Tramo 4")))) -> Tramo 4 | J62: Titulado | L62: yeritorealiz@gmail.com | M62: 941445959 | O62: Sin información | P62: =IF(OR(O62="",O62="Sin información"),"",IFERROR(INDEX(Listas!$B$2:$B$9,MATCH(O62,Listas!$A$2:$A$9,0)),"")) | Q62: =IF(OR(O62="",O62="Sin información"),"",IFERROR(INDEX(Listas!$C$2:$C$9,MATCH(O62,Listas!$A$2:$A$9,0)),"")) | T62: =IF(S62="","",IFERROR(INDEX(Empleadores!$B$2:$B$601,MATCH(S62,Empleadores!$A$2:$A$601,0)),"No encontrado")) | U62: =IF(C62="","",IF(V62="","No",IF(Config!$C$4-V62<=Config!$C$15,"Sí","No"))) -> No
A63: 62 | B63: 011200686A | C63: ORDAYA NUÑEZ FABRICIO ULISES | D63: M | E63: Cusco | F63: 2018-II | G63: 43502 | H63: =IF(G63="","",ROUND((Config!$C$4-G63)/365.25,2)) -> 7.65 | I63: =IF(H63="","",IF(H63<=1,"Tramo 1",IF(H63<=3,"Tramo 2",IF(H63<=5,"Tramo 3","Tramo 4")))) -> Tramo 4 | J63: Titulado | L63: fabricio-ordaya@hotmail.com | M63: 997558493 | O63: Sin información | P63: =IF(OR(O63="",O63="Sin información"),"",IFERROR(INDEX(Listas!$B$2:$B$9,MATCH(O63,Listas!$A$2:$A$9,0)),"")) | Q63: =IF(OR(O63="",O63="Sin información"),"",IFERROR(INDEX(Listas!$C$2:$C$9,MATCH(O63,Listas!$A$2:$A$9,0)),"")) | T63: =IF(S63="","",IFERROR(INDEX(Empleadores!$B$2:$B$601,MATCH(S63,Empleadores!$A$2:$A$601,0)),"No encontrado")) | U63: =IF(C63="","",IF(V63="","No",IF(Config!$C$4-V63<=Config!$C$15,"Sí","No"))) -> No
A64: 63 | B64: 011200664H | C64: ORDOÑEZ RONDÓN MARCO LUIS | D64: M | E64: Cusco | F64: 2018-II | G64: 43502 | H64: =IF(G64="","",ROUND((Config!$C$4-G64)/365.25,2)) -> 7.65 | I64: =IF(H64="","",IF(H64<=1,"Tramo 1",IF(H64<=3,"Tramo 2",IF(H64<=5,"Tramo 3","Tramo 4")))) -> Tramo 4 | J64: Titulado | L64: crazyway11_18@hotmail.com | M64: 974954556 | O64: Sin información | P64: =IF(OR(O64="",O64="Sin información"),"",IFERROR(INDEX(Listas!$B$2:$B$9,MATCH(O64,Listas!$A$2:$A$9,0)),"")) | Q64: =IF(OR(O64="",O64="Sin información"),"",IFERROR(INDEX(Listas!$C$2:$C$9,MATCH(O64,Listas!$A$2:$A$9,0)),"")) | T64: =IF(S64="","",IFERROR(INDEX(Empleadores!$B$2:$B$601,MATCH(S64,Empleadores!$A$2:$A$601,0)),"No encontrado")) | U64: =IF(C64="","",IF(V64="","No",IF(Config!$C$4-V64<=Config!$C$15,"Sí","No"))) -> No
... A67: 66 | B67: 011100455H | C67: QUISPE ZUNIGA DIEGO DANIEL | D67: M | E67: Cusco | F67: 2018-II | G67: 43502 | H67: =IF(G67="","",ROUND((Config!$C$4-G67)/365.25,2)) -> 7.65 | I67: =IF(H67="","",IF(H67<=1,"Tramo 1",IF(H67<=3,"Tramo 2",IF(H67<=5,"Tramo 3","Tramo 4")))) -> Tramo 4 | J67: Titulado | L67: loto_1412@hotmail.com | M67: 940862257 | O67: Sin información | P67: =IF(OR(O67="",O67="Sin información"),"",IFERROR(INDEX(Listas!$B$2:$B$9,MATCH(O67,Listas!$A$2:$A$9,0)),"")) | Q67: =IF(OR(O67="",O67="Sin información"),"",IFERROR(INDEX(Listas!$C$2:$C$9,MATCH(O67,Listas!$A$2:$A$9,0)),"")) | T67: =IF(S67="","",IFERROR(INDEX(Empleadores!$B$2:$B$601,MATCH(S67,Empleadores!$A$2:$A$601,0)),"No encontrado")) | U67: =IF(C67="","",IF(V67="","No",IF(Config!$C$4-V67<=Config!$C$15,"Sí","No"))) -> No
A68: 67 | B68: 011100456D | C68: RAMOS CABRERA JAZMIN IVANOSKA | D68: F | E68: Cusco | F68: 2018-II | G68: 43502 | H68: =IF(G68="","",ROUND((Config!$C$4-G68)/365.25,2)) -> 7.65 | I68: =IF(H68="","",IF(H68<=1,"Tramo 1",IF(H68<=3,"Tramo 2",IF(H68<=5,"Tramo 3","Tramo 4")))) -> Tramo 4 | J68: Titulado | L68: jazmin.iva136@gmail.com | M68: 972251624 | O68: Asistencial | P68: =IF(OR(O68="",O68="Sin información"),"",IFERROR(INDEX(Listas!$B$2:$B$9,MATCH(O68,Listas!$A$2:$A$9,0)),"")) -> Sí | Q68: =IF(OR(O68="",O68="Sin información"),"",IFERROR(INDEX(Listas!$C$2:$C$9,MATCH(O68,Listas!$A$2:$A$9,0)),"")) -> Sí | S68: EMP-005 | T68: =IF(S68="","",IFERROR(INDEX(Empleadores!$B$2:$B$601,MATCH(S68,Empleadores!$A$2:$A$601,0)),"No encontrado")) -> Hospital Antonio Lorena | U68: =IF(C68="","",IF(V68="","No",IF(Config!$C$4-V68<=Config!$C$15,"Sí","No"))) -> Sí | V68: 45973 | Y68: Sí | AB68: I Encuentro de Egresados
A69: 68 | B69: 011200672K | C69: ROJAS ALVAREZ ALVARO | D69: M | E69: Cusco | F69: 2018-II | G69: 43502 | H69: =IF(G69="","",ROUND((Config!$C$4-G69)/365.25,2)) -> 7.65 | I69: =IF(H69="","",IF(H69<=1,"Tramo 1",IF(H69<=3,"Tramo 2",IF(H69<=5,"Tramo 3","Tramo 4")))) -> Tramo 4 | J69: Titulado | L69: alroal1993@gmail.com | M69: 971181896 | O69: Sin información | P69: =IF(OR(O69="",O69="Sin información"),"",IFERROR(INDEX(Listas!$B$2:$B$9,MATCH(O69,Listas!$A$2:$A$9,0)),"")) | Q69: =IF(OR(O69="",O69="Sin información"),"",IFERROR(INDEX(Listas!$C$2:$C$9,MATCH(O69,Listas!$A$2:$A$9,0)),"")) | T69: =IF(S69="","",IFERROR(INDEX(Empleadores!$B$2:$B$601,MATCH(S69,Empleadores!$A$2:$A$601,0)),"No encontrado")) | U69: =IF(C69="","",IF(V69="","No",IF(Config!$C$4-V69<=Config!$C$15,"Sí","No"))) -> No
A70: 69 | B70: 011100458G | C70: ROMAN AYBAR WINY ABIGAIL | D70: F | E70: Cusco | F70: 2018-II | G70: 43502 | H70: =IF(G70="","",ROUND((Config!$C$4-G70)/365.25,2)) -> 7.65 | I70: =IF(H70="","",IF(H70<=1,"Tramo 1",IF(H70<=3,"Tramo 2",IF(H70<=5,"Tramo 3","Tramo 4")))) -> Tramo 4 | J70: Titulado | L70: wiaro3@gmail.com | M70: 933970580 | O70: Asistencial | P70: =IF(OR(O70="",O70="Sin información"),"",IFERROR(INDEX(Listas!$B$2:$B$9,MATCH(O70,Listas!$A$2:$A$9,0)),"")) -> Sí | Q70: =IF(OR(O70="",O70="Sin información"),"",IFERROR(INDEX(Listas!$C$2:$C$9,MATCH(O70,Listas!$A$2:$A$9,0)),"")) -> Sí | S70: EMP-029 | T70: =IF(S70="","",IFERROR(INDEX(Empleadores!$B$2:$B$601,MATCH(S70,Empleadores!$A$2:$A$601,0)),"No encontrado")) -> Instituto Nacional de Enfermedades Neoplásicas | U70: =IF(C70="","",IF(V70="","No",IF(Config!$C$4-V70<=Config!$C$15,"Sí","No"))) -> Sí | V70: 45974 | Y70: Sí | AB70: I Encuentro de Egresados
A71: 70 | B71: 010200074G | C71: SALLO DIAZ JACKELINE IDANIA | D71: F | E71: Cusco | F71: 2018-II | G71: 43502 | H71: =IF(G71="","",ROUND((Config!$C$4-G71)/365.25,2)) -> 7.65 | I71: =IF(H71="","",IF(H71<=1,"Tramo 1",IF(H71<=3,"Tramo 2",IF(H71<=5,"Tramo 3","Tramo 4")))) -> Tramo 4 | J71: Titulado | L71: jacky.sadi.93@gmail.com | M71: 946655326 | O71: Sin información | P71: =IF(OR(O71="",O71="Sin información"),"",IFERROR(INDEX(Listas!$B$2:$B$9,MATCH(O71,Listas!$A$2:$A$9,0)),"")) | Q71: =IF(OR(O71="",O71="Sin información"),"",IFERROR(INDEX(Listas!$C$2:$C$9,MATCH(O71,Listas!$A$2:$A$9,0)),"")) | T71: =IF(S71="","",IFERROR(INDEX(Empleadores!$B$2:$B$601,MATCH(S71,Empleadores!$A$2:$A$601,0)),"No encontrado")) | U71: =IF(C71="","",IF(V71="","No",IF(Config!$C$4-V71<=Config!$C$15,"Sí","No"))) -> No
A72: 71 | B72: 011100460A | C72: TACA QUISPE GABRIELA | D72: F | E72: Cusco | F72: 2018-II | G72: 43502 | H72: =IF(G72="","",ROUND((Config!$C$4-G72)/365.25,2)) -> 7.65 | I72: =IF(H72="","",IF(H72<=1,"Tramo 1",IF(H72<=3,"Tramo 2",IF(H72<=5,"Tramo 3","Tramo 4")))) -> Tramo 4 | J72: Titulado | L72: gaviotad2020@gmail.com | M72: 984271999 | O72: Sin información | P72: =IF(OR(O72="",O72="Sin información"),"",IFERROR(INDEX(Listas!$B$2:$B$9,MATCH(O72,Listas!$A$2:$A$9,0)),"")) | Q72: =IF(OR(O72="",O72="Sin información"),"",IFERROR(INDEX(Listas!$C$2:$C$9,MATCH(O72,Listas!$A$2:$A$9,0)),"")) | T72: =IF(S72="","",IFERROR(INDEX(Empleadores!$B$2:$B$601,MATCH(S72,Empleadores!$A$2:$A$601,0)),"No encontrado")) | U72: =IF(C72="","",IF(V72="","No",IF(Config!$C$4-V72<=Config!$C$15,"Sí","No"))) -> No
A73: 72 | B73: 011100462D | C73: TREJO CABALLERO HANS XAVIER DIEGO | D73: M | E73: Cusco | F73: 2018-II | G73: 43502 | H73: =IF(G73="","",ROUND((Config!$C$4-G73)/365.25,2)) -> 7.65 | I73: =IF(H73="","",IF(H73<=1,"Tramo 1",IF(H73<=3,"Tramo 2",IF(H73<=5,"Tramo 3","Tramo 4")))) -> Tramo 4 | J73: Titulado | L73: hans_mh462@hotmail.com | M73: 989231329 | O73: Sin información | P73: =IF(OR(O73="",O73="Sin información"),"",IFERROR(INDEX(Listas!$B$2:$B$9,MATCH(O73,Listas!$A$2:$A$9,0)),"")) | Q73: =IF(OR(O73="",O73="Sin información"),"",IFERROR(INDEX(Listas!$C$2:$C$9,MATCH(O73,Listas!$A$2:$A$9,0)),"")) | T73: =IF(S73="","",IFERROR(INDEX(Empleadores!$B$2:$B$601,MATCH(S73,Empleadores!$A$2:$A$601,0)),"No encontrado")) | U73: =IF(C73="","",IF(V73="","No",IF(Config!$C$4-V73<=Config!$C$15,"Sí","No"))) -> No
A74: 73 | B74: 011200697C | C74: TUCO ESQUIVEL NINOSKA | D74: F | E74: Cusco | F74: 2018-II | G74: 43502 | H74: =IF(G74="","",ROUND((Config!$C$4-G74)/365.25,2)) -> 7.65 | I74: =IF(H74="","",IF(H74<=1,"Tramo 1",IF(H74<=3,"Tramo 2",IF(H74<=5,"Tramo 3","Tramo 4")))) -> Tramo 4 | J74: Titulado | L74: ninoskatuco@gmail.com | M74: 986824336 | O74: Sin información | P74: =IF(OR(O74="",O74="Sin información"),"",IFERROR(INDEX(Listas!$B$2:$B$9,MATCH(O74,Listas!$A$2:$A$9,0)),"")) | Q74: =IF(OR(O74="",O74="Sin información"),"",IFERROR(INDEX(Listas!$C$2:$C$9,MATCH(O74,Listas!$A$2:$A$9,0)),"")) | T74: =IF(S74="","",IFERROR(INDEX(Empleadores!$B$2:$B$601,MATCH(S74,Empleadores!$A$2:$A$601,0)),"No encontrado")) | U74: =IF(C74="","",IF(V74="","No",IF(Config!$C$4-V74<=Config!$C$15,"Sí","No"))) -> No
A75: 74 | B75: 011100466J | C75: VASQUEZ PEREZ LUZ CELY | D75: F | E75: Cusco | F75: 2018-II | G75: 43502 | H75: =IF(G75="","",ROUND((Config!$C$4-G75)/365.25,2)) -> 7.65 | I75: =IF(H75="","",IF(H75<=1,"Tramo 1",IF(H75<=3,"Tramo 2",IF(H75<=5,"Tramo 3","Tramo 4")))) -> Tramo 4 | J75: Titulado | L75: myscene_147@hotmail.com | M75: 941468882 | O75: Sin información | P75: =IF(OR(O75="",O75="Sin información"),"",IFERROR(INDEX(Listas!$B$2:$B$9,MATCH(O75,Listas!$A$2:$A$9,0)),"")) | Q75: =IF(OR(O75="",O75="Sin información"),"",IFERROR(INDEX(Listas!$C$2:$C$9,MATCH(O75,Listas!$A$2:$A$9,0)),"")) | T75: =IF(S75="","",IFERROR(INDEX(Empleadores!$B$2:$B$601,MATCH(S75,Empleadores!$A$2:$A$601,0)),"No encontrado")) | U75: =IF(C75="","",IF(V75="","No",IF(Config!$C$4-V75<=Config!$C$15,"Sí","No"))) -> No
A76: 75 | B76: 012200769C | C76: VELASCO ESCALANTE DANAE THALIA | D76: F | E76: Cusco | F76: 2018-II | G76: 43502 | H76: =IF(G76="","",ROUND((Config!$C$4-G76)/365.25,2)) -> 7.65 | I76: =IF(H76="","",IF(H76<=1,"Tramo 1",IF(H76<=3,"Tramo 2",IF(H76<=5,"Tramo 3","Tramo 4")))) -> Tramo 4 | J76: Titulado | L76: thali36_6@hotmail.com | M76: 984586456 | O76: Sin información | P76: =IF(OR(O76="",O76="Sin información"),"",IFERROR(INDEX(Listas!$B$2:$B$9,MATCH(O76,Listas!$A$2:$A$9,0)),"")) | Q76: =IF(OR(O76="",O76="Sin información"),"",IFERROR(INDEX(Listas!$C$2:$C$9,MATCH(O76,Listas!$A$2:$A$9,0)),"")) | T76: =IF(S76="","",IFERROR(INDEX(Empleadores!$B$2:$B$601,MATCH(S76,Empleadores!$A$2:$A$601,0)),"No encontrado")) | U76: =IF(C76="","",IF(V76="","No",IF(Config!$C$4-V76<=Config!$C$15,"Sí","No"))) -> No
A77: 76 | B77: 012200800H | C77: VENGOA VALDIGLESIAS BLANCA ALEJANDRA | D77: F | E77: Cusco | F77: 2018-II | G77: 43502 | H77: =IF(G77="","",ROUND((Config!$C$4-G77)/365.25,2)) -> 7.65 | I77: =IF(H77="","",IF(H77<=1,"Tramo 1",IF(H77<=3,"Tramo 2",IF(H77<=5,"Tramo 3","Tramo 4")))) -> Tramo 4 | J77: Titulado | L77: blancavengoa@yahoo.com | M77: 944244231 | O77: Sin información | P77: =IF(OR(O77="",O77="Sin información"),"",IFERROR(INDEX(Listas!$B$2:$B$9,MATCH(O77,Listas!$A$2:$A$9,0)),"")) | Q77: =IF(OR(O77="",O77="Sin información"),"",IFERROR(INDEX(Listas!$C$2:$C$9,MATCH(O77,Listas!$A$2:$A$9,0)),"")) | T77: =IF(S77="","",IFERROR(INDEX(Empleadores!$B$2:$B$601,MATCH(S77,Empleadores!$A$2:$A$601,0)),"No encontrado")) | U77: =IF(C77="","",IF(V77="","No",IF(Config!$C$4-V77<=Config!$C$15,"Sí","No"))) -> No
A78: 77 | B78: 011100468B | C78: VILLAVICENCIO BENAVENTE CARLOS RUBEN ABELARDO | D78: M | E78: Cusco | F78: 2018-II | G78: 43502 | H78: =IF(G78="","",ROUND((Config!$C$4-G78)/365.25,2)) -> 7.65 | I78: =IF(H78="","",IF(H78<=1,"Tramo 1",IF(H78<=3,"Tramo 2",IF(H78<=5,"Tramo 3","Tramo 4")))) -> Tramo 4 | J78: Titulado | L78: fabetu76@gmail.com | M78: 955286265 | O78: Sin información | P78: =IF(OR(O78="",O78="Sin información"),"",IFERROR(INDEX(Listas!$B$2:$B$9,MATCH(O78,Listas!$A$2:$A$9,0)),"")) | Q78: =IF(OR(O78="",O78="Sin información"),"",IFERROR(INDEX(Listas!$C$2:$C$9,MATCH(O78,Listas!$A$2:$A$9,0)),"")) | T78: =IF(S78="","",IFERROR(INDEX(Empleadores!$B$2:$B$601,MATCH(S78,Empleadores!$A$2:$A$601,0)),"No encontrado")) | U78: =IF(C78="","",IF(V78="","No",IF(Config!$C$4-V78<=Config!$C$15,"Sí","No"))) -> No
A79: 78 | B79: 010200086E | C79: VILLEGAS NINA ROCIO | D79: F | E79: Cusco | F79: 2018-II | G79: 43502 | H79: =IF(G79="","",ROUND((Config!$C$4-G79)/365.25,2)) -> 7.65 | I79: =IF(H79="","",IF(H79<=1,"Tramo 1",IF(H79<=3,"Tramo 2",IF(H79<=5,"Tramo 3","Tramo 4")))) -> Tramo 4 | J79: Titulado | L79: chio.vf@hotmail.com | M79: 973230825 | O79: Sin información | P79: =IF(OR(O79="",O79="Sin información"),"",IFERROR(INDEX(Listas!$B$2:$B$9,MATCH(O79,Listas!$A$2:$A$9,0)),"")) | Q79: =IF(OR(O79="",O79="Sin información"),"",IFERROR(INDEX(Listas!$C$2:$C$9,MATCH(O79,Listas!$A$2:$A$9,0)),"")) | T79: =IF(S79="","",IFERROR(INDEX(Empleadores!$B$2:$B$601,MATCH(S79,Empleadores!$A$2:$A$601,0)),"No encontrado")) | U79: =IF(C79="","",IF(V79="","No",IF(Config!$C$4-V79<=Config!$C$15,"Sí","No"))) -> No
A80: 79 | B80: 011100472J | C80: ZUÑIGA HUAMAN KAREN EVELYN | D80: F | E80: Cusco | F80: 2018-II | G80: 43502 | H80: =IF(G80="","",ROUND((Config!$C$4-G80)/365.25,2)) -> 7.65 | I80: =IF(H80="","",IF(H80<=1,"Tramo 1",IF(H80<=3,"Tramo 2",IF(H80<=5,"Tramo 3","Tramo 4")))) -> Tramo 4 | J80: Titulado | L80: Kzunigahuaman@gmail.com | M80: 958646446 | O80: Sin información | P80: =IF(OR(O80="",O80="Sin información"),"",IFERROR(INDEX(Listas!$B$2:$B$9,MATCH(O80,Listas!$A$2:$A$9,0)),"")) | Q80: =IF(OR(O80="",O80="Sin información"),"",IFERROR(INDEX(Listas!$C$2:$C$9,MATCH(O80,Listas!$A$2:$A$9,0)),"")) | T80: =IF(S80="","",IFERROR(INDEX(Empleadores!$B$2:$B$601,MATCH(S80,Empleadores!$A$2:$A$601,0)),"No encontrado")) | U80: =IF(C80="","",IF(V80="","No",IF(Config!$C$4-V80<=Config!$C$15,"Sí","No"))) -> No
A81: 80 | B81: 010200052C | C81: CONCHA ENRIQUEZ KAREN SONIA | D81: F | E81: Cusco | F81: 2019-I | G81: 43593 | H81: =IF(G81="","",ROUND((Config!$C$4-G81)/365.25,2)) -> 7.4 | I81: =IF(H81="","",IF(H81<=1,"Tramo 1",IF(H81<=3,"Tramo 2",IF(H81<=5,"Tramo 3","Tramo 4")))) -> Tramo 4 | J81: Titulado | L81: karencita3105@hotmail.com | M81: 958111171 | O81: Sin información | P81: =IF(OR(O81="",O81="Sin información"),"",IFERROR(INDEX(Listas!$B$2:$B$9,MATCH(O81,Listas!$A$2:$A$9,0)),"")) | Q81: =IF(OR(O81="",O81="Sin información"),"",IFERROR(INDEX(Listas!$C$2:$C$9,MATCH(O81,Listas!$A$2:$A$9,0)),"")) | T81: =IF(S81="","",IFERROR(INDEX(Empleadores!$B$2:$B$601,MATCH(S81,Empleadores!$A$2:$A$601,0)),"No encontrado")) | U81: =IF(C81="","",IF(V81="","No",IF(Config!$C$4-V81<=Config!$C$15,"Sí","No"))) -> No
A82: 81 | B82: 011200657A | C82: APAICO RODRIGUEZ DEYVIS YORJAN | D82: M | E82: Cusco | F82: 2019-II | G82: 43861 | H82: =IF(G82="","",ROUND((Config!$C$4-G82)/365.25,2)) -> 6.67 | I82: =IF(H82="","",IF(H82<=1,"Tramo 1",IF(H82<=3,"Tramo 2",IF(H82<=5,"Tramo 3","Tramo 4")))) -> Tramo 4 | J82: Titulado | M82: 986267541 | O82: Sin información | P82: =IF(OR(O82="",O82="Sin información"),"",IFERROR(INDEX(Listas!$B$2:$B$9,MATCH(O82,Listas!$A$2:$A$9,0)),"")) | Q82: =IF(OR(O82="",O82="Sin información"),"",IFERROR(INDEX(Listas!$C$2:$C$9,MATCH(O82,Listas!$A$2:$A$9,0)),"")) | T82: =IF(S82="","",IFERROR(INDEX(Empleadores!$B$2:$B$601,MATCH(S82,Empleadores!$A$2:$A$601,0)),"No encontrado")) | U82: =IF(C82="","",IF(V82="","No",IF(Config!$C$4-V82<=Config!$C$15,"Sí","No"))) -> No
A83: 82 | B83: 011100430E | C83: ARANIBAR CENTENO MARY CARMEN | D83: F | E83: Cusco | F83: 2019-II | G83: 43861 | H83: =IF(G83="","",ROUND((Config!$C$4-G83)/365.25,2)) -> 6.67 | I83: =IF(H83="","",IF(H83<=1,"Tramo 1",IF(H83<=3,"Tramo 2",IF(H83<=5,"Tramo 3","Tramo 4")))) -> Tramo 4 | J83: Titulado | L83: aranibarcenteno@gmail.com | M83: 974730272 | O83: Asistencial | P83: =IF(OR(O83="",O83="Sin información"),"",IFERROR(INDEX(Listas!$B$2:$B$9,MATCH(O83,Listas!$A$2:$A$9,0)),"")) -> Sí | Q83: =IF(OR(O83="",O83="Sin información"),"",IFERROR(INDEX(Listas!$C$2:$C$9,MATCH(O83,Listas!$A$2:$A$9,0)),"")) -> Sí | S83: EMP-028 | T83: =IF(S83="","",IFERROR(INDEX(Empleadores!$B$2:$B$601,MATCH(S83,Empleadores!$A$2:$A$601,0)),"No encontrado")) -> Hospital Regional Honorio Delgado | U83: =IF(C83="","",IF(V83="","No",IF(Config!$C$4-V83<=Config!$C$15,"Sí","No"))) -> Sí | V83: 45972 | Y83: Sí | Z83: Marcó 'Otros' en el Encuentro: verificar si es residentado | AB83: I Encuentro de Egresados
A84: 83 | B84: 011300719I | C84: ARRIAGA MEDINA RUTH GLENY | D84: F | E84: Cusco | F84: 2019-II | G84: 43861 | H84: =IF(G84="","",ROUND((Config!$C$4-G84)/365.25,2)) -> 6.67 | I84: =IF(H84="","",IF(H84<=1,"Tramo 1",IF(H84<=3,"Tramo 2",IF(H84<=5,"Tramo 3","Tramo 4")))) -> Tramo 4 | J84: Titulado | L84: kyumed_125@yahoo.com | M84: 971225036 | O84: Sin información | P84: =IF(OR(O84="",O84="Sin información"),"",IFERROR(INDEX(Listas!$B$2:$B$9,MATCH(O84,Listas!$A$2:$A$9,0)),"")) | Q84: =IF(OR(O84="",O84="Sin información"),"",IFERROR(INDEX(Listas!$C$2:$C$9,MATCH(O84,Listas!$A$2:$A$9,0)),"")) | T84: =IF(S84="","",IFERROR(INDEX(Empleadores!$B$2:$B$601,MATCH(S84,Empleadores!$A$2:$A$601,0)),"No encontrado")) | U84: =IF(C84="","",IF(V84="","No",IF(Config!$C$4-V84<=Config!$C$15,"Sí","No"))) -> No
A85: 84 | B85: 011200650G | C85: BRAVO DELGADO ELVIN CÉSAR | D85: M | E85: Cusco | F85: 2019-II | G85: 43861 | H85: =IF(G85="","",ROUND((Config!$C$4-G85)/365.25,2)) -> 6.67 | I85: =IF(H85="","",IF(H85<=1,"Tramo 1",IF(H85<=3,"Tramo 2",IF(H85<=5,"Tramo 3","Tramo 4")))) -> Tramo 4 | J85: Titulado | L85: elvincesarbravo@gmail.com | M85: 974420971 | O85: Asistencial | P85: =IF(OR(O85="",O85="Sin información"),"",IFERROR(INDEX(Listas!$B$2:$B$9,MATCH(O85,Listas!$A$2:$A$9,0)),"")) -> Sí | Q85: =IF(OR(O85="",O85="Sin información"),"",IFERROR(INDEX(Listas!$C$2:$C$9,MATCH(O85,Listas!$A$2:$A$9,0)),"")) -> Sí | S85: EMP-018 | T85: =IF(S85="","",IFERROR(INDEX(Empleadores!$B$2:$B$601,MATCH(S85,Empleadores!$A$2:$A$601,0)),"No encontrado")) -> Centro de Salud Integral Qhali Runa – UAC | U85: =IF(C85="","",IF(V85="","No",IF(Config!$C$4-V85<=Config!$C$15,"Sí","No"))) -> Sí | V85: 45968 | Y85: Sí | AB85: I Encuentro de Egresados
A86: 85 | B86: 011100432H | C86: CACERES VILLCAS HENRY ANDERSON | D86: M | E86: Cusco | F86: 2019-II | G86: 43861 | H86: =IF(G86="","",ROUND((Config!$C$4-G86)/365.25,2)) -> 6.67 | I86: =IF(H86="","",IF(H86<=1,"Tramo 1",IF(H86<=3,"Tramo 2",IF(H86<=5,"Tramo 3","Tramo 4")))) -> Tramo 4 | J86: Titulado | L86: henry147159.a@hotmail.com | M86: 923520859 | O86: Sin información | P86: =IF(OR(O86="",O86="Sin información"),"",IFERROR(INDEX(Listas!$B$2:$B$9,MATCH(O86,Listas!$A$2:$A$9,0)),"")) | Q86: =IF(OR(O86="",O86="Sin información"),"",IFERROR(INDEX(Listas!$C$2:$C$9,MATCH(O86,Listas!$A$2:$A$9,0)),"")) | T86: =IF(S86="","",IFERROR(INDEX(Empleadores!$B$2:$B$601,MATCH(S86,Empleadores!$A$2:$A$601,0)),"No encontrado")) | U86: =IF(C86="","",IF(V86="","No",IF(Config!$C$4-V86<=Config!$C$15,"Sí","No"))) -> No
A87: 86 | B87: 012100966A | C87: CASTRO AUCCA GALILE BETZABETH | D87: F | E87: Cusco | F87: 2019-II | G87: 43861 | H87: =IF(G87="","",ROUND((Config!$C$4-G87)/365.25,2)) -> 6.67 | I87: =IF(H87="","",IF(H87<=1,"Tramo 1",IF(H87<=3,"Tramo 2",IF(H87<=5,"Tramo 3","Tramo 4")))) -> Tramo 4 | J87: Titulado | L87: galibet_1692@hotmail.com | M87: 973510947 | O87: Sin información | P87: =IF(OR(O87="",O87="Sin información"),"",IFERROR(INDEX(Listas!$B$2:$B$9,MATCH(O87,Listas!$A$2:$A$9,0)),"")) | Q87: =IF(OR(O87="",O87="Sin información"),"",IFERROR(INDEX(Listas!$C$2:$C$9,MATCH(O87,Listas!$A$2:$A$9,0)),"")) | T87: =IF(S87="","",IFERROR(INDEX(Empleadores!$B$2:$B$601,MATCH(S87,Empleadores!$A$2:$A$601,0)),"No encontrado")) | U87: =IF(C87="","",IF(V87="","No",IF(Config!$C$4-V87<=Config!$C$15,"Sí","No"))) -> No
A88: 87 | B88: 011300752F | C88: CORDOVA TORRES ANY DANIELA | D88: F | E88: Cusco | F88: 2019-II | G88: 43861 | H88: =IF(G88="","",ROUND((Config!$C$4-G88)/365.25,2)) -> 6.67 | I88: =IF(H88="","",IF(H88<=1,"Tramo 1",IF(H88<=3,"Tramo 2",IF(H88<=5,"Tramo 3","Tramo 4")))) -> Tramo 4 | J88: Titulado | L88: adct.24@gmail.com | M88: 978639248 | O88: Sin información | P88: =IF(OR(O88="",O88="Sin información"),"",IFERROR(INDEX(Listas!$B$2:$B$9,MATCH(O88,Listas!$A$2:$A$9,0)),"")) | Q88: =IF(OR(O88="",O88="Sin información"),"",IFERROR(INDEX(Listas!$C$2:$C$9,MATCH(O88,Listas!$A$2:$A$9,0)),"")) | T88: =IF(S88="","",IFERROR(INDEX(Empleadores!$B$2:$B$601,MATCH(S88,Empleadores!$A$2:$A$601,0)),"No encontrado")) | U88: =IF(C88="","",IF(V88="","No",IF(Config!$C$4-V88<=Config!$C$15,"Sí","No"))) -> No
A89: 88 | B89: 011100434K | C89: CUENTAS ZAPATA DAVID MARTIN | D89: M | E89: Cusco | F89: 2019-II | G89: 43861 | H89: =IF(G89="","",ROUND((Config!$C$4-G89)/365.25,2)) -> 6.67 | I89: =IF(H89="","",IF(H89<=1,"Tramo 1",IF(H89<=3,"Tramo 2",IF(H89<=5,"Tramo 3","Tramo 4")))) -> Tramo 4 | J89: Titulado | L89: MARCUE7@HOTMAIL.COM | M89: 986770095 | O89: Sin información | P89: =IF(OR(O89="",O89="Sin información"),"",IFERROR(INDEX(Listas!$B$2:$B$9,MATCH(O89,Listas!$A$2:$A$9,0)),"")) | Q89: =IF(OR(O89="",O89="Sin información"),"",IFERROR(INDEX(Listas!$C$2:$C$9,MATCH(O89,Listas!$A$2:$A$9,0)),"")) | T89: =IF(S89="","",IFERROR(INDEX(Empleadores!$B$2:$B$601,MATCH(S89,Empleadores!$A$2:$A$601,0)),"No encontrado")) | U89: =IF(C89="","",IF(V89="","No",IF(Config!$C$4-V89<=Config!$C$15,"Sí","No"))) -> No
A90: 89 | B90: 011300753B | C90: CUNO HUALLPA EDWIN BRYAN | D90: M | E90: Cusco | F90: 2019-II | G90: 43861 | H90: =IF(G90="","",ROUND((Config!$C$4-G90)/365.25,2)) -> 6.67 | I90: =IF(H90="","",IF(H90<=1,"Tramo 1",IF(H90<=3,"Tramo 2",IF(H90<=5,"Tramo 3","Tramo 4")))) -> Tramo 4 | J90: Titulado | L90: ed16_sf@hotmail.com | M90: 991651670 | O90: Sin información | P90: =IF(OR(O90="",O90="Sin información"),"",IFERROR(INDEX(Listas!$B$2:$B$9,MATCH(O90,Listas!$A$2:$A$9,0)),"")) | Q90: =IF(OR(O90="",O90="Sin información"),"",IFERROR(INDEX(Listas!$C$2:$C$9,MATCH(O90,Listas!$A$2:$A$9,0)),"")) | T90: =IF(S90="","",IFERROR(INDEX(Empleadores!$B$2:$B$601,MATCH(S90,Empleadores!$A$2:$A$601,0)),"No encontrado")) | U90: =IF(C90="","",IF(V90="","No",IF(Config!$C$4-V90<=Config!$C$15,"Sí","No"))) -> No
A91: 90 | B91: 012200768G | C91: DUEÑAS APARICIO FERNANDO | D91: M | E91: Cusco | F91: 2019-II | G91: 43861 | H91: =IF(G91="","",ROUND((Config!$C$4-G91)/365.25,2)) -> 6.67 | I91: =IF(H91="","",IF(H91<=1,"Tramo 1",IF(H91<=3,"Tramo 2",IF(H91<=5,"Tramo 3","Tramo 4")))) -> Tramo 4 | J91: Titulado | L91: fer_17_ix@hotmail.com | M91: 982728726 | O91: Sin información | P91: =IF(OR(O91="",O91="Sin información"),"",IFERROR(INDEX(Listas!$B$2:$B$9,MATCH(O91,Listas!$A$2:$A$9,0)),"")) | Q91: =IF(OR(O91="",O91="Sin información"),"",IFERROR(INDEX(Listas!$C$2:$C$9,MATCH(O91,Listas!$A$2:$A$9,0)),"")) | T91: =IF(S91="","",IFERROR(INDEX(Empleadores!$B$2:$B$601,MATCH(S91,Empleadores!$A$2:$A$601,0)),"No encontrado")) | U91: =IF(C91="","",IF(V91="","No",IF(Config!$C$4-V91<=Config!$C$15,"Sí","No"))) -> No
A92: 91 | B92: 012200759H | C92: FARFAN HERMOZA CARMEN MARLET | D92: F | E92: Cusco | F92: 2019-II | G92: 43861 | H92: =IF(G92="","",ROUND((Config!$C$4-G92)/365.25,2)) -> 6.67 | I92: =IF(H92="","",IF(H92<=1,"Tramo 1",IF(H92<=3,"Tramo 2",IF(H92<=5,"Tramo 3","Tramo 4")))) -> Tramo 4 | J92: Titulado | L92: carmen.farfan.hermoza@outlook.com | M92: 992562415 | O92: Sin información | P92: =IF(OR(O92="",O92="Sin información"),"",IFERROR(INDEX(Listas!$B$2:$B$9,MATCH(O92,Listas!$A$2:$A$9,0)),"")) | Q92: =IF(OR(O92="",O92="Sin información"),"",IFERROR(INDEX(Listas!$C$2:$C$9,MATCH(O92,Listas!$A$2:$A$9,0)),"")) | T92: =IF(S92="","",IFERROR(INDEX(Empleadores!$B$2:$B$601,MATCH(S92,Empleadores!$A$2:$A$601,0)),"No encontrado")) | U92: =IF(C92="","",IF(V92="","No",IF(Config!$C$4-V92<=Config!$C$15,"Sí","No"))) -> No
A93: 92 | B93: 010200060F | C93: FERNANDEZ QUINTEROS TREICY VALERI | D93: F | E93: Cusco | F93: 2019-II | G93: 43861 | H93: =IF(G93="","",ROUND((Config!$C$4-G93)/365.25,2)) -> 6.67 | I93: =IF(H93="","",IF(H93<=1,"Tramo 1",IF(H93<=3,"Tramo 2",IF(H93<=5,"Tramo 3","Tramo 4")))) -> Tramo 4 | J93: Titulado | L93: val3_f3r@hotmail.com | M93: 993996814 | O93: Sin información | P93: =IF(OR(O93="",O93="Sin información"),"",IFERROR(INDEX(Listas!$B$2:$B$9,MATCH(O93,Listas!$A$2:$A$9,0)),"")) | Q93: =IF(OR(O93="",O93="Sin información"),"",IFERROR(INDEX(Listas!$C$2:$C$9,MATCH(O93,Listas!$A$2:$A$9,0)),"")) | T93: =IF(S93="","",IFERROR(INDEX(Empleadores!$B$2:$B$601,MATCH(S93,Empleadores!$A$2:$A$601,0)),"No encontrado")) | U93: =IF(C93="","",IF(V93="","No",IF(Config!$C$4-V93<=Config!$C$15,"Sí","No"))) -> No
A94: 93 | B94: 011200692A | C94: FERNÁNDEZ CALLE SERGIO DANIEL | D94: M | E94: Cusco | F94: 2019-II | G94: 43861 | H94: =IF(G94="","",ROUND((Config!$C$4-G94)/365.25,2)) -> 6.67 | I94: =IF(H94="","",IF(H94<=1,"Tramo 1",IF(H94<=3,"Tramo 2",IF(H94<=5,"Tramo 3","Tramo 4")))) -> Tramo 4 | J94: Titulado | L94: sergiodan105@hotmail.com | M94: 984450552 | O94: Sin información | P94: =IF(OR(O94="",O94="Sin información"),"",IFERROR(INDEX(Listas!$B$2:$B$9,MATCH(O94,Listas!$A$2:$A$9,0)),"")) | Q94: =IF(OR(O94="",O94="Sin información"),"",IFERROR(INDEX(Listas!$C$2:$C$9,MATCH(O94,Listas!$A$2:$A$9,0)),"")) | T94: =IF(S94="","",IFERROR(INDEX(Empleadores!$B$2:$B$601,MATCH(S94,Empleadores!$A$2:$A$601,0)),"No encontrado")) | U94: =IF(C94="","",IF(V94="","No",IF(Config!$C$4-V94<=Config!$C$15,"Sí","No"))) -> No
A95: 94 | B95: 011200656E | C95: FUENTES EGUIA EFRAIN ALVARO | D95: M | E95: Cusco | F95: 2019-II | G95: 43861 | H95: =IF(G95="","",ROUND((Config!$C$4-G95)/365.25,2)) -> 6.67 | I95: =IF(H95="","",IF(H95<=1,"Tramo 1",IF(H95<=3,"Tramo 2",IF(H95<=5,"Tramo 3","Tramo 4")))) -> Tramo 4 | J95: Titulado | L95: ALVARITO959@HOTMAIL.COM | M95: 972250998 | O95: Sin información | P95: =IF(OR(O95="",O95="Sin información"),"",IFERROR(INDEX(Listas!$B$2:$B$9,MATCH(O95,Listas!$A$2:$A$9,0)),"")) | Q95: =IF(OR(O95="",O95="Sin información"),"",IFERROR(INDEX(Listas!$C$2:$C$9,MATCH(O95,Listas!$A$2:$A$9,0)),"")) | T95: =IF(S95="","",IFERROR(INDEX(Empleadores!$B$2:$B$601,MATCH(S95,Empleadores!$A$2:$A$601,0)),"No encontrado")) | U95: =IF(C95="","",IF(V95="","No",IF(Config!$C$4-V95<=Config!$C$15,"Sí","No"))) -> No
A96: 95 | B96: 011300757H | C96: FUENTES EGUIA RAQUEL CRISTINA | D96: F | E96: Cusco | F96: 2019-II | G96: 43861 | H96: =IF(G96="","",ROUND((Config!$C$4-G96)/365.25,2)) -> 6.67 | I96: =IF(H96="","",IF(H96<=1,"Tramo 1",IF(H96<=3,"Tramo 2",IF(H96<=5,"Tramo 3","Tramo 4")))) -> Tramo 4 | J96: Titulado | L96: cristina_jmt@hotmail.com | O96: Sin información | P96: =IF(OR(O96="",O96="Sin información"),"",IFERROR(INDEX(Listas!$B$2:$B$9,MATCH(O96,Listas!$A$2:$A$9,0)),"")) | Q96: =IF(OR(O96="",O96="Sin información"),"",IFERROR(INDEX(Listas!$C$2:$C$9,MATCH(O96,Listas!$A$2:$A$9,0)),"")) | T96: =IF(S96="","",IFERROR(INDEX(Empleadores!$B$2:$B$601,MATCH(S96,Empleadores!$A$2:$A$601,0)),"No encontrado")) | U96: =IF(C96="","",IF(V96="","No",IF(Config!$C$4-V96<=Config!$C$15,"Sí","No"))) -> No
A97: 96 | B97: 011200682F | C97: GALLEGOS LAGUNA CATHERINE ALEXIA | D97: F | E97: Cusco | F97: 2019-II | G97: 43861 | H97: =IF(G97="","",ROUND((Config!$C$4-G97)/365.25,2)) -> 6.67 | I97: =IF(H97="","",IF(H97<=1,"Tramo 1",IF(H97<=3,"Tramo 2",IF(H97<=5,"Tramo 3","Tramo 4")))) -> Tramo 4 | J97: Titulado | L97: alexiagallegoslaguna@gmail.com | M97: 967744133 | O97: Asistencial | P97: =IF(OR(O97="",O97="Sin información"),"",IFERROR(INDEX(Listas!$B$2:$B$9,MATCH(O97,Listas!$A$2:$A$9,0)),"")) -> Sí | Q97: =IF(OR(O97="",O97="Sin información"),"",IFERROR(INDEX(Listas!$C$2:$C$9,MATCH(O97,Listas!$A$2:$A$9,0)),"")) -> Sí | S97: EMP-003 | T97: =IF(S97="","",IFERROR(INDEX(Empleadores!$B$2:$B$601,MATCH(S97,Empleadores!$A$2:$A$601,0)),"No encontrado")) -> Hospital de la Solidaridad – Cusco | U97: =IF(C97="","",IF(V97="","No",IF(Config!$C$4-V97<=Config!$C$15,"Sí","No"))) -> Sí | V97: 45968 | Y97: Sí | AB97: I Encuentro de Egresados
A98: 97 | B98: 011200693H | C98: GUILLEN ALVAREZ GLORIA CECILIA | D98: F | E98: Cusco | F98: 2019-II | G98: 43861 | H98: =IF(G98="","",ROUND((Config!$C$4-G98)/365.25,2)) -> 6.67 | I98: =IF(H98="","",IF(H98<=1,"Tramo 1",IF(H98<=3,"Tramo 2",IF(H98<=5,"Tramo 3","Tramo 4")))) -> Tramo 4 | J98: Titulado | L98: gloce280993@gmail.com | M98: 984066026 | O98: Sin información | P98: =IF(OR(O98="",O98="Sin información"),"",IFERROR(INDEX(Listas!$B$2:$B$9,MATCH(O98,Listas!$A$2:$A$9,0)),"")) | Q98: =IF(OR(O98="",O98="Sin información"),"",IFERROR(INDEX(Listas!$C$2:$C$9,MATCH(O98,Listas!$A$2:$A$9,0)),"")) | T98: =IF(S98="","",IFERROR(INDEX(Empleadores!$B$2:$B$601,MATCH(S98,Empleadores!$A$2:$A$601,0)),"No encontrado")) | U98: =IF(C98="","",IF(V98="","No",IF(Config!$C$4-V98<=Config!$C$15,"Sí","No"))) -> No
A99: 98 | B99: 012100971E | C99: GUTIERREZ ORTIZ MAYRA SAMIRA | D99: F | E99: Cusco | F99: 2019-II | G99: 43861 | H99: =IF(G99="","",ROUND((Config!$C$4-G99)/365.25,2)) -> 6.67 | I99: =IF(H99="","",IF(H99<=1,"Tramo 1",IF(H99<=3,"Tramo 2",IF(H99<=5,"Tramo 3","Tramo 4")))) -> Tramo 4 | J99: Titulado | L99: mya_xo@hotmail.com | M99: 946873492 | O99: Sin información | P99: =IF(OR(O99="",O99="Sin información"),"",IFERROR(INDEX(Listas!$B$2:$B$9,MATCH(O99,Listas!$A$2:$A$9,0)),"")) | Q99: =IF(OR(O99="",O99="Sin información"),"",IFERROR(INDEX(Listas!$C$2:$C$9,MATCH(O99,Listas!$A$2:$A$9,0)),"")) | T99: =IF(S99="","",IFERROR(INDEX(Empleadores!$B$2:$B$601,MATCH(S99,Empleadores!$A$2:$A$601,0)),"No encontrado")) | U99: =IF(C99="","",IF(V99="","No",IF(Config!$C$4-V99<=Config!$C$15,"Sí","No"))) -> No
A100: 99 | B100: 011100437J | C100: GUZMAN VALLE MARIO JOEL | D100: M | E100: Cusco | F100: 2019-II | G100: 43861 | H100: =IF(G100="","",ROUND((Config!$C$4-G100)/365.25,2)) -> 6.67 | I100: =IF(H100="","",IF(H100<=1,"Tramo 1",IF(H100<=3,"Tramo 2",IF(H100<=5,"Tramo 3","Tramo 4")))) -> Tramo 4 | J100: Titulado | L100: majoel_09@hotmail.com | M100: 941470512 | O100: Sin información | P100: =IF(OR(O100="",O100="Sin información"),"",IFERROR(INDEX(Listas!$B$2:$B$9,MATCH(O100,Listas!$A$2:$A$9,0)),"")) | Q100: =IF(OR(O100="",O100="Sin información"),"",IFERROR(INDEX(Listas!$C$2:$C$9,MATCH(O100,Listas!$A$2:$A$9,0)),"")) | T100: =IF(S100="","",IFERROR(INDEX(Empleadores!$B$2:$B$601,MATCH(S100,Empleadores!$A$2:$A$601,0)),"No encontrado")) | U100: =IF(C100="","",IF(V100="","No",IF(Config!$C$4-V100<=Config!$C$15,"Sí","No"))) -> No
A101: 100 | B101: 011300758D | C101: HERRERA BUSTAMANTE JUAN CARLOS | D101: M | E101: Cusco | F101: 2019-II | G101: 43861 | H101: =IF(G101="","",ROUND((Config!$C$4-G101)/365.25,2)) -> 6.67 | I101: =IF(H101="","",IF(H101<=1,"Tramo 1",IF(H101<=3,"Tramo 2",IF(H101<=5,"Tramo 3","Tramo 4")))) -> Tramo 4 | J101: Titulado | L101: agente_carlos007@hotmail.com | M101: 974328634 | O101: Sin información | P101: =IF(OR(O101="",O101="Sin información"),"",IFERROR(INDEX(Listas!$B$2:$B$9,MATCH(O101,Listas!$A$2:$A$9,0)),"")) | Q101: =IF(OR(O101="",O101="Sin información"),"",IFERROR(INDEX(Listas!$C$2:$C$9,MATCH(O101,Listas!$A$2:$A$9,0)),"")) | T101: =IF(S101="","",IFERROR(INDEX(Empleadores!$B$2:$B$601,MATCH(S101,Empleadores!$A$2:$A$601,0)),"No encontrado")) | U101: =IF(C101="","",IF(V101="","No",IF(Config!$C$4-V101<=Config!$C$15,"Sí","No"))) -> No
A102: 101 | B102: 012100972A | C102: HERRERA PALOMINO CLAUDIA SUGHEY | D102: F | E102: Cusco | F102: 2019-II | G102: 43861 | H102: =IF(G102="","",ROUND((Config!$C$4-G102)/365.25,2)) -> 6.67 | I102: =IF(H102="","",IF(H102<=1,"Tramo 1",IF(H102<=3,"Tramo 2",IF(H102<=5,"Tramo 3","Tramo 4")))) -> Tramo 4 | J102: Titulado | L102: 012100972A@uandina.edu.pe | M102: 984249974 | O102: Sin información | P102: =IF(OR(O102="",O102="Sin información"),"",IFERROR(INDEX(Listas!$B$2:$B$9,MATCH(O102,Listas!$A$2:$A$9,0)),"")) | Q102: =IF(OR(O102="",O102="Sin información"),"",IFERROR(INDEX(Listas!$C$2:$C$9,MATCH(O102,Listas!$A$2:$A$9,0)),"")) | T102: =IF(S102="","",IFERROR(INDEX(Empleadores!$B$2:$B$601,MATCH(S102,Empleadores!$A$2:$A$601,0)),"No encontrado")) | U102: =IF(C102="","",IF(V102="","No",IF(Config!$C$4-V102<=Config!$C$15,"Sí","No"))) -> No
...

Sheet Empleadores
A1: ID empleador | B1: Institución / razón social | C1: RUC | D1: Tipo de institución | E1: Sector | F1: Red / región | G1: Ciudad | H1: Contacto | I1: Cargo del contacto | J1: Correo | K1: Teléfono | L1: Egresados UAC registrados | M1: Encuesta F1-SSEG-02 respondida | N1: Satisfacción del empleador (1–5) | O1: Fecha de encuesta
A2: EMP-001 | B2: Hospital Regional del Cusco | D2: Hospital | E2: MINSA | F2: DIRESA Cusco | G2: Cusco | L2: =IF(A2="","",COUNTIF(Egresados!$S$2:$S$1501,A2)) -> 4
A3: EMP-002 | B3: Clínica Gold Medical | D3: Clínica | E3: Privado | F3: — | G3: Cusco | L3: =IF(A3="","",COUNTIF(Egresados!$S$2:$S$1501,A3)) -> 3
A4: EMP-003 | B4: Hospital de la Solidaridad – Cusco | D4: Hospital | E4: Otro | F4: SISOL | G4: Cusco | L4: =IF(A4="","",COUNTIF(Egresados!$S$2:$S$1501,A4)) -> 3
A5: EMP-004 | B5: Universidad Andina del Cusco – EP Medicina Humana | D5: Universidad | E5: Universidad | F5: — | G5: Cusco | L5: =IF(A5="","",COUNTIF(Egresados!$S$2:$S$1501,A5)) -> 3
A6: EMP-005 | B6: Hospital Antonio Lorena | D6: Hospital | E6: MINSA | F6: DIRESA Cusco | G6: Cusco | L6: =IF(A6="","",COUNTIF(Egresados!$S$2:$S$1501,A6)) -> 2
A7: EMP-006 | B7: Hospital Nacional Adolfo Guevara Velasco | D7: Hospital | E7: EsSalud | F7: Red Asistencial Cusco | G7: Cusco | L7: =IF(A7="","",COUNTIF(Egresados!$S$2:$S$1501,A7)) -> 2
A8: EMP-007 | B8: C.S. Calca | D8: Centro de salud | E8: MINSA | F8: DIRESA Cusco | G8: Calca | L8: =IF(A8="","",COUNTIF(Egresados!$S$2:$S$1501,A8)) -> 1
A9: EMP-008 | B9: C.S. Combapata | D9: Centro de salud | E9: MINSA | F9: DIRESA Cusco | G9: Combapata | L9: =IF(A9="","",COUNTIF(Egresados!$S$2:$S$1501,A9)) -> 1
A10: EMP-009 | B10: C.S. La Quebrada – Yanatile | D10: Centro de salud | E10: MINSA | F10: DIRESA Cusco | G10: Yanatile | L10: =IF(A10="","",COUNTIF(Egresados!$S$2:$S$1501,A10)) -> 1
A11: EMP-010 | B11: C.S. Ollantaytambo | D11: Centro de salud | E11: MINSA | F11: DIRESA Cusco | G11: Ollantaytambo | L11: =IF(A11="","",COUNTIF(Egresados!$S$2:$S$1501,A11)) -> 1
A12: EMP-011 | B12: C.S. Santo Tomás – Chumbivilcas | D12: Centro de salud | E12: MINSA | F12: DIRESA Cusco | G12: Santo Tomás | L12: =IF(A12="","",COUNTIF(Egresados!$S$2:$S$1501,A12)) -> 1
A13: EMP-012 | B13: C.S. Tamburco | D13: Centro de salud | E13: MINSA | F13: DIRESA Apurímac | G13: Abancay | L13: =IF(A13="","",COUNTIF(Egresados!$S$2:$S$1501,A13)) -> 1
... A48: EMP-047 | B48: Sanidad PNP – Quillabamba | D48: Centro de salud | E48: FF.AA. y PNP | F48: Sanidad PNP | G48: Quillabamba | L48: =IF(A48="","",COUNTIF(Egresados!$S$2:$S$1501,A48)) -> 1
L49: =IF(A49="","",COUNTIF(Egresados!$S$2:$S$1501,A49))
L50: =IF(A50="","",COUNTIF(Egresados!$S$2:$S$1501,A50))
L51: =IF(A51="","",COUNTIF(Egresados!$S$2:$S$1501,A51))
L52: =IF(A52="","",COUNTIF(Egresados!$S$2:$S$1501,A52))
L53: =IF(A53="","",COUNTIF(Egresados!$S$2:$S$1501,A53))
L54: =IF(A54="","",COUNTIF(Egresados!$S$2:$S$1501,A54))
L55: =IF(A55="","",COUNTIF(Egresados!$S$2:$S$1501,A55))
L56: =IF(A56="","",COUNTIF(Egresados!$S$2:$S$1501,A56))
L57: =IF(A57="","",COUNTIF(Egresados!$S$2:$S$1501,A57))
L58: =IF(A58="","",COUNTIF(Egresados!$S$2:$S$1501,A58))
L59: =IF(A59="","",COUNTIF(Egresados!$S$2:$S$1501,A59))
L60: =IF(A60="","",COUNTIF(Egresados!$S$2:$S$1501,A60))
... L601: =IF(A601="","",COUNTIF(Egresados!$S$2:$S$1501,A601))

Sheet Actividades
A1: N.° | B1: Fecha | C1: Mes | D1: Actividad | E1: Tipo de actividad | F1: Tramo dirigido | G1: Coordina con | H1: Programada en el Plan | I1: Estado | J1: Participantes (n) | K1: Evidencia | L1: Enlace a evidencia | M1: Observaciones
A2: 1 | B2: 45800 | C2: =IF(B2="","",CHOOSE(MONTH(B2),"Enero","Febrero","Marzo","Abril","Mayo","Junio","Julio","Agosto","Setiembre","Octubre","Noviembre","Diciembre")) -> Mayo | D2: Llamadas de seguimiento a egresados 2022-I | E2: Actualización de BD | F2: Tramo 3 | G2: Servicios Académicos | I2: Ejecutada | J2: 59 | K2: Registro de llamadas (BD 2022-I) | M2: 31 de 59 egresados respondieron; 23 may. al 16 jun. 2025
A3: 2 | B3: 45946 | C3: =IF(B3="","",CHOOSE(MONTH(B3),"Enero","Febrero","Marzo","Abril","Mayo","Junio","Julio","Agosto","Setiembre","Octubre","Noviembre","Diciembre")) -> Octubre | D3: Encuesta a egresados 2024-2025 (situación laboral y SERUMS) | E3: Aplicación de encuesta | F3: Tramo 2 | G3: DIRSEU | I3: Ejecutada | J3: 34 | K3: Respuestas de formulario (Google Forms) | M3: 36 respuestas; 16 al 26 oct. 2025
A4: 3 | B4: 45960 | C4: =IF(B4="","",CHOOSE(MONTH(B4),"Enero","Febrero","Marzo","Abril","Mayo","Junio","Julio","Agosto","Setiembre","Octubre","Noviembre","Diciembre")) -> Octubre | D4: I Encuentro de Egresados de Medicina Humana | E4: Evento académico | F4: Todos | G4: Asociación de Egresados | I4: Ejecutada | J4: 76 | K4: Registro de asistencia (formulario) | M4: 92 registros; asistentes identificados en la relación oficial
A5: 4 | B5: 45974 | C5: =IF(B5="","",CHOOSE(MONTH(B5),"Enero","Febrero","Marzo","Abril","Mayo","Junio","Julio","Agosto","Setiembre","Octubre","Noviembre","Diciembre")) -> Noviembre | D5: Encuesta primera de egreso (satisfacción con la formación) | E5: Aplicación de encuesta | F5: Tramo 2 | G5: DIRSEU | I5: Ejecutada | J5: 13 | K5: Respuestas de formulario | M5: 13 respuestas; 13 nov. al 9 dic. 2025
A6: 5 | B6: 46244 | C6: =IF(B6="","",CHOOSE(MONTH(B6),"Enero","Febrero","Marzo","Abril","Mayo","Junio","Julio","Agosto","Setiembre","Octubre","Noviembre","Diciembre")) -> Agosto | D6: Encuesta a egresados que son docentes de la EPMH | E6: Aplicación de encuesta | F6: Todos | G6: Departamento Académico | I6: Ejecutada | J6: 11 | K6: Respuestas de formulario | M6: 11 docentes egresados; 8 egresaron antes de 2017-2 (ver Por conciliar)
A7: 6 | B7: 46296 | C7: =IF(B7="","",CHOOSE(MONTH(B7),"Enero","Febrero","Marzo","Abril","Mayo","Junio","Julio","Agosto","Setiembre","Octubre","Noviembre","Diciembre")) -> Octubre | D7: Cruce con resultados finales SERUMS 2026-II (MINSA) | E7: Actualización de BD | F7: Todos | G7: DIRSEU | I7: Ejecutada | J7: 158 | K7: Egresados_UAC_SERUMS_2026-II.xlsx | M7: 153 evaluados, 4 no se presentaron, 1 ficha inválida
A8: 7 | B8: 46296 | C8: =IF(B8="","",CHOOSE(MONTH(B8),"Enero","Febrero","Marzo","Abril","Mayo","Junio","Julio","Agosto","Setiembre","Octubre","Noviembre","Diciembre")) -> Octubre | D8: Consolidación de la matriz de seguimiento según plantilla PSC-S-06 | E8: Actualización de BD | F8: Todos | G8: Dirección de Escuela | I8: Ejecutada | J8: 976 | K8: BD_Seguimiento_Egresado_EPMH (esta matriz) | M8: 976 egresados 2017-2 a 2025-2
C9: =IF(B9="","",CHOOSE(MONTH(B9),"Enero","Febrero","Marzo","Abril","Mayo","Junio","Julio","Agosto","Setiembre","Octubre","Noviembre","Diciembre"))
C10: =IF(B10="","",CHOOSE(MONTH(B10),"Enero","Febrero","Marzo","Abril","Mayo","Junio","Julio","Agosto","Setiembre","Octubre","Noviembre","Diciembre"))
C11: =IF(B11="","",CHOOSE(MONTH(B11),"Enero","Febrero","Marzo","Abril","Mayo","Junio","Julio","Agosto","Setiembre","Octubre","Noviembre","Diciembre"))
C12: =IF(B12="","",CHOOSE(MONTH(B12),"Enero","Febrero","Marzo","Abril","Mayo","Junio","Julio","Agosto","Setiembre","Octubre","Noviembre","Diciembre"))
C13: =IF(B13="","",CHOOSE(MONTH(B13),"Enero","Febrero","Marzo","Abril","Mayo","Junio","Julio","Agosto","Setiembre","Octubre","Noviembre","Diciembre"))
C14: =IF(B14="","",CHOOSE(MONTH(B14),"Enero","Febrero","Marzo","Abril","Mayo","Junio","Julio","Agosto","Setiembre","Octubre","Noviembre","Diciembre"))
C15: =IF(B15="","",CHOOSE(MONTH(B15),"Enero","Febrero","Marzo","Abril","Mayo","Junio","Julio","Agosto","Setiembre","Octubre","Noviembre","Diciembre"))
C16: =IF(B16="","",CHOOSE(MONTH(B16),"Enero","Febrero","Marzo","Abril","Mayo","Junio","Julio","Agosto","Setiembre","Octubre","Noviembre","Diciembre"))
C17: =IF(B17="","",CHOOSE(MONTH(B17),"Enero","Febrero","Marzo","Abril","Mayo","Junio","Julio","Agosto","Setiembre","Octubre","Noviembre","Diciembre"))
C18: =IF(B18="","",CHOOSE(MONTH(B18),"Enero","Febrero","Marzo","Abril","Mayo","Junio","Julio","Agosto","Setiembre","Octubre","Noviembre","Diciembre"))
C19: =IF(B19="","",CHOOSE(MONTH(B19),"Enero","Febrero","Marzo","Abril","Mayo","Junio","Julio","Agosto","Setiembre","Octubre","Noviembre","Diciembre"))
C20: =IF(B20="","",CHOOSE(MONTH(B20),"Enero","Febrero","Marzo","Abril","Mayo","Junio","Julio","Agosto","Setiembre","Octubre","Noviembre","Diciembre"))
... C300: =IF(B300="","",CHOOSE(MONTH(B300),"Enero","Febrero","Marzo","Abril","Mayo","Junio","Julio","Agosto","Setiembre","Octubre","Noviembre","Diciembre"))

Sheet Por conciliar
A1: Fuente | B1: Fecha | C1: Apellidos y nombres (como respondió) | D1: Celular | E1: Año de egreso declarado | F1: Respuesta | G1: Motivo | H1: Acción sugerida
A2: I Encuentro de Egresados | B2: 45964 | C2: Tinta Yupaiccana Debbie Marcela | D2: 912867184 | E2: 2026 | F2: Registro de asistencia | G2: Egresó en 2026; aún no figura en la relación oficial | H2: Solicitar código a Servicios Académicos y agregar a Egresados
A3: I Encuentro de Egresados | B3: 45971 | C3: Ttito Accostupa Susy | D3: 973609249 | E3: 2017 | F3: Trabajo como Medico – Hospital Nacional Adolfo Guevara Velasco - Eesalud Cusco | G3: Egresó antes de 2017-2; fuera del rango de la relación oficial | H3: Solicitar código a Servicios Académicos y agregar a Egresados
A4: I Encuentro de Egresados | B4: 45974 | C4: Zuniga Jara Angel Johnatan | D4: 984724906 | E4: 2017 | F4: Trabajo como Medico – Hospital Antonio Lorena | G4: Egresó antes de 2017-2; fuera del rango de la relación oficial | H4: Solicitar código a Servicios Académicos y agregar a Egresados
A5: I Encuentro de Egresados | B5: 45974 | C5: Vargas Galiano Adriano | D5: 974501773 | E5: 2017 | F5: Trabajo como Medico – Essalud Cusco | G5: Egresó antes de 2017-2; fuera del rango de la relación oficial | H5: Solicitar código a Servicios Académicos y agregar a Egresados
A6: Encuesta egresados docentes EPMH | B6: 46244 | C6: Carla Gabriela Roman Ojeda | D6: 993817604 | E6: 2016 | F6: Docente EPMH: Semiologia neurologica | G6: Egresó antes de 2017-2; fuera del rango de la relación oficial | H6: Solicitar código a Servicios Académicos y agregar a Egresados
A7: Encuesta egresados docentes EPMH | B7: 46244 | C7: NILDA CONDE CJUIRO | D7: 9845280749 | E7: 1999 | F7: Docente EPMH: Biología y Ambiente y DS | G7: Egresó antes de 2017-2; fuera del rango de la relación oficial | H7: Solicitar código a Servicios Académicos y agregar a Egresados
A8: Encuesta egresados docentes EPMH | B8: 46244 | C8: Angel Johnatan Zuniga Jara | D8: 984724906 | E8: 2017 | F8: Docente EPMH: Hematologia, fisiologia | G8: Egresó antes de 2017-2; fuera del rango de la relación oficial | H8: Solicitar código a Servicios Académicos y agregar a Egresados
A9: Encuesta egresados docentes EPMH | B9: 46244 | C9: Jean Carlo Farfán Aparicio | D9: 962771630 | E9: 2007 | F9: Docente EPMH: Segmento Neurologia en Medicina Interna | G9: Egresó antes de 2017-2; fuera del rango de la relación oficial | H9: Solicitar código a Servicios Académicos y agregar a Egresados
A10: Encuesta egresados docentes EPMH | B10: 46244 | C10: Carlos Enrique Gamarra Valdivia | D10: 984765123 | E10: 2004 | F10: Docente EPMH: Medicina Física y Rehabilitación | G10: Egresó antes de 2017-2; fuera del rango de la relación oficial | H10: Solicitar código a Servicios Académicos y agregar a Egresados
A11: Encuesta egresados docentes EPMH | B11: 46244 | C11: Diana Beatriz Estela Andia Castro | D11: 963506265 | E11: 2011 | F11: Docente EPMH: Fisiopatología y pediatria | G11: Egresó antes de 2017-2; fuera del rango de la relación oficial | H11: Solicitar código a Servicios Académicos y agregar a Egresados
A12: Encuesta egresados docentes EPMH | B12: 46244 | C12: Edwin Daniel Castañeda Ponze | D12: 984690640 | E12: 2026 | F12: Docente EPMH: Anatomía Humana y Salud Pública | G12: Egresó en 2026; aún no figura en la relación oficial | H12: Solicitar código a Servicios Académicos y agregar a Egresados
A13: Encuesta egresados docentes EPMH | B13: 46244 | C13: Ivans Percy Villavicencio Oquendo | D13: 928935010 | E13: 2018 | F13: Docente EPMH: Laboratorio clínico, técnicas quirúrgicas y nudos y suturas | G13: No se encontró por nombre ni teléfono | H13: Solicitar código a Servicios Académicos y agregar a Egresados

Sheet Fuentes
A1: Fuente | B1: Archivo | C1: Fecha de los datos | D1: Registros | E1: Cruzados con la relación oficial | F1: Datos que aporta
A2: Relación oficial de egresados | B2: RELACION DE EGRESADOS ... base servicios academicos.xlsx | C2: Semestres 2017-2 a 2025-2 | D2: 976 | E2: 976 | F2: Código, nombre, semestre y fecha de egreso (universo)
A3: Plantilla con datos previos | B3: BD_Seguimiento_Egresado_EPMH_PLANTILLA para DASH bord.xlsx | C3: — | D3: 829 | E3: 829 | F3: Sexo, condición académica, correo y celular de 2017-2 a 2025-1
A4: BD 2022-I (llamadas) | B4: Copia de bd 2022 iy ii.xlsx – hoja 2022 I | C4: 23/05/2025 a 16/06/2025 | D4: 59 | E4: 59 | F4: Contacto, bachiller/título, SERUMS, situación laboral
A5: BD 2022-II | B5: Copia de bd 2022 iy ii.xlsx – hoja 2022II | C5: — | D5: 97 | E5: 97 | F5: Contacto, fechas de bachiller y título
A6: BD 2024-II | B6: Copia de bd 2022 iy ii.xlsx – Hoja 5 | C6: — | D6: 202 | E6: 202 | F6: Contacto, fecha de bachiller
A7: Encuesta egresados 2024-2025 | B7: EGRESADOS DE EP MEDICINA HUMANA 2024-2025 respuestas 1.xlsx | C7: 16/10/2025 a 26/10/2025 | D7: 36 | E7: 36 | F7: Situación laboral, centro de trabajo, SERUMS
A8: I Encuentro de Egresados | B8: I ENCUENTRO DE EGRESADOS DE MEDICINA HUMANA respuestas 1.xlsx | C8: 30/10/2025 a 13/11/2025 | D8: 92 | E8: 88 | F8: Asistencia, celular, situación y lugar de trabajo
A9: Encuesta primera de egreso | B9: ENCUESTA PRIMERA DE EGRESO EPMH respuestas.xlsx | C9: 13/11/2025 a 09/12/2025 | D9: 13 | E9: 13 | F9: Título, situación laboral, satisfacción con la formación, SERUMS
A10: Encuesta egresados docentes EPMH | B10: Egresados EPMH – Docentes de Medicina Humana UAC respuestas.xlsx | C10: 10/08/2026 | D10: 11 | E10: 3 | F10: Docencia en la EPMH, interés en vinculación
A11: SERUMS 2026-II (MINSA) | B11: Egresados_UAC_SERUMS_2026-II.xlsx | C11: 01/10/2026 | D11: 158 | E11: 158 | F11: Postulación SERUMS 2026-II, nota y orden de mérito
A12: Procedimiento | B12: seguimiento al egresado 2062.pdf (PSC-S-06 v03) | C12: — | F12: Tramos, indicadores 10.1 a 10.5 y metas del Anexo 01
A14: Nota: los registros de encuestas se cruzaron por celular (validado con al menos dos nombres) o por nombre completo. Las respuestas repetidas de una misma persona se cuentan una vez por egresado.

Sheet Fichas técnicas
A1: Código | B1: Indicador | C1: Numerador | D1: Denominador | E1: Meta | F1: Fuente | G1: Frecuencia | H1: Responsable
A2: 10.1 | B2: % de egresados registrados por tramo | C2: Egresados del tramo con datos actualizados dentro de la vigencia (Config C15) | D2: Total de egresados del tramo en la BD | E2: T1 90%, T2 80%, T3 70%, T4 60% (Anexo 01) | F2: Hoja Egresados | G2: Mensual | H2: Docente responsable
A3: 10.2 | B3: % de egresados laborando en su especialidad | C3: Egresados en situación Asistencial, SERUMS, Residentado o Gestión/docencia en salud | D3: Egresados con situación laboral conocida | E3: 70% (propuesta) | F3: Hoja Egresados | G3: Semestral | H3: Docente responsable
A4: 10.3 | B4: % de egresados por semestre según situación laboral | C4: Egresados del semestre de egreso en cada situación | D4: Egresados del semestre con situación conocida | E4: Descriptivo | F4: Hoja Egresados | G4: Semestral | H4: Docente responsable
A5: 10.4 | B5: % de satisfacción con el perfil de egreso | C5: Respuestas con puntaje 4 o 5 | D5: Total de respuestas con puntaje | E5: 80% (propuesta) | F5: Encuesta primera de egreso / F1-SSEG-01 | G5: Semestral | H5: Coordinación DIRSEU
A6: 10.5 | B6: % de empleabilidad alcanzado | C6: Egresados con empleo en cualquier rubro | D6: Egresados con situación laboral conocida | E6: 85% (propuesta) | F6: Hoja Egresados | G6: Semestral | H6: Docente responsable
A7: 8.4 | B7: % de satisfacción del empleador (complementario) | C7: Empleadores con puntaje 4 o 5 | D7: Empleadores con puntaje | E7: A definir | F7: F1-SSEG-02 | G7: Semestral | H7: Coordinación DIRSEU

Sheet Listas
A1: Situación laboral | B1: Con empleo | C1: En su especialidad | E1: Sí/No | F1: Condición académica | G1: Sede | H1: Sexo | I1: Sector | J1: Tipo de institución | K1: Tipo de actividad | L1: Estado | M1: Tramo dirigido | N1: Escala 1–5
A2: Asistencial | B2: Sí | C2: Sí | E2: Sí | F2: Egresado | G2: Cusco | H2: F | I2: MINSA | J2: Hospital | K2: Evento académico | L2: Programada | M2: Todos | N2: 1
A3: SERUMS | B3: Sí | C3: Sí | E3: No | F3: Bachiller | G3: Filial Puerto Maldonado | H3: M | I3: EsSalud | J3: Centro de salud | K3: Taller / capacitación | L3: Ejecutada | M3: Tramo 1 | N3: 2
A4: Residentado | B4: Sí | C4: Sí | F4: Titulado | G4: Filial Sicuani | I4: Privado | J4: Clínica | K4: Reunión con asociación | L4: Reprogramada | M4: Tramo 2 | N4: 3
A5: Gestión o docencia en salud | B5: Sí | C5: Sí | G5: Filial Quillabamba | I5: FF.AA. y PNP | J5: Red / DIRESA | K5: Actualización de BD | L5: Cancelada | M5: Tramo 3 | N5: 4
A6: Otra área | B6: Sí | C6: No | I6: ONG / Cooperación | J6: Universidad | K6: Aplicación de encuesta | M6: Tramo 4 | N6: 5
A7: Posgrado sin laborar | B7: No | C7: No | I7: Universidad | J7: Otro | K7: Reunión con empleadores
A8: Sin empleo | B8: No | C8: No | I8: Otro | K8: Informe
A9: Sin información | K9: Otro
